date,county,state,fips,cases,deaths,POPULATION,BEDS,COUNTYFIPS
2020-04-10,Autauga,Alabama,1001.0,17,1,85,85,1001.0
2020-04-10,Barbour,Alabama,1005.0,9,0,146,146,1005.0
2020-04-10,Blount,Alabama,1009.0,12,0,511,511,1009.0
2020-04-10,Bullock,Alabama,1011.0,4,0,61,61,1011.0
2020-04-10,Calhoun,Alabama,1015.0,54,0,1074,1074,1015.0
2020-04-10,Chilton,Alabama,1021.0,27,0,26,26,1021.0
2020-04-10,Coffee,Alabama,1031.0,14,0,439,439,1031.0
2020-04-10,Colbert,Alabama,1033.0,8,1,363,363,1033.0
2020-04-10,Conecuh,Alabama,1035.0,3,0,58,58,1035.0
2020-04-10,Covington,Alabama,1039.0,10,0,245,245,1039.0
2020-04-10,Crenshaw,Alabama,1041.0,2,0,93,93,1041.0
2020-04-10,Cullman,Alabama,1043.0,30,1,185,185,1043.0
2020-04-10,Dale,Alabama,1045.0,6,0,89,89,1045.0
2020-04-10,Elmore,Alabama,1051.0,30,0,163,163,1051.0
2020-04-10,Etowah,Alabama,1055.0,64,5,739,739,1055.0
2020-04-10,Houston,Alabama,1069.0,33,1,1108,1108,1069.0
2020-04-10,Lawrence,Alabama,1079.0,8,0,925,925,1079.0
2020-04-10,Limestone,Alabama,1083.0,36,0,181,181,1083.0
2020-04-10,Macon,Alabama,1087.0,9,1,370,370,1087.0
2020-04-10,Madison,Alabama,1089.0,177,3,4411,4481,1089.0
2020-04-10,Marengo,Alabama,1091.0,15,1,99,99,1091.0
2020-04-10,Mobile,Alabama,1097.0,382,11,1929,1929,1097.0
2020-04-10,Montgomery,Alabama,1101.0,92,4,0,0,1101.0
2020-04-10,Montgomery,Alabama,1101.0,92,4,12324,12312,1101.0
2020-04-10,Pickens,Alabama,1107.0,19,0,268,268,1107.0
2020-04-10,Randolph,Alabama,1111.0,22,3,634,634,1111.0
2020-04-10,Shelby,Alabama,1117.0,185,5,6127,6127,1117.0
2020-04-10,Sumter,Alabama,1119.0,18,0,874,874,1119.0
2020-04-10,Talladega,Alabama,1121.0,32,0,285,285,1121.0
2020-04-10,Tallapoosa,Alabama,1123.0,53,2,127,127,1123.0
2020-04-10,Tuscaloosa,Alabama,1125.0,91,0,901,933,1125.0
2020-04-10,Walker,Alabama,1127.0,72,0,390,390,1127.0
2020-04-10,Wilcox,Alabama,1131.0,18,0,30,30,1131.0
2020-04-10,Anchorage,Alaska,2020.0,112,4,988,988,2020.0
2020-04-10,Bethel Census Area,Alaska,2050.0,1,0,37,37,2050.0
2020-04-10,Fairbanks North Star Borough,Alaska,2090.0,76,1,217,217,2090.0
2020-04-10,Juneau City and Borough,Alaska,2110.0,15,0,40,40,2110.0
2020-04-10,Kenai Peninsula Borough,Alaska,2122.0,14,0,204,204,2122.0
2020-04-10,Ketchikan Gateway Borough,Alaska,2130.0,14,0,54,54,2130.0
2020-04-10,Matanuska-Susitna Borough,Alaska,2170.0,9,0,74,74,2170.0
2020-04-10,Apache,Arizona,4001.0,55,3,45,45,4001.0
2020-04-10,Cochise,Arizona,4003.0,11,0,267,267,4003.0
2020-04-10,Coconino,Arizona,4005.0,214,15,308,308,4005.0
2020-04-10,Gila,Arizona,4007.0,3,0,69,69,4007.0
2020-04-10,La Paz,Arizona,4012.0,4,0,25,25,4012.0
2020-04-10,Maricopa,Arizona,4013.0,1741,41,9767,9767,4013.0
2020-04-10,Mohave,Arizona,4015.0,28,2,588,588,4015.0
2020-04-10,Navajo,Arizona,4017.0,287,7,130,130,4017.0
2020-04-10,Pima,Arizona,4019.0,543,20,3157,3157,4019.0
2020-04-10,Pinal,Arizona,4021.0,138,3,249,249,4021.0
2020-04-10,Yavapai,Arizona,4025.0,62,1,332,332,4025.0
2020-04-10,Arkansas,Arkansas,5001.0,2,0,25,25,5001.0
2020-04-10,Ashley,Arkansas,5003.0,9,0,33,33,5003.0
2020-04-10,Baxter,Arkansas,5005.0,4,0,268,268,5005.0
2020-04-10,Benton,Arkansas,5007.0,47,0,996,996,5007.0
2020-04-10,Chicot,Arkansas,5017.0,5,0,40,40,5017.0
2020-04-10,Cleburne,Arkansas,5023.0,69,4,25,25,5023.0
2020-04-10,Conway,Arkansas,5029.0,4,1,35,35,5029.0
2020-04-10,Craighead,Arkansas,5031.0,31,0,631,631,5031.0
2020-04-10,Crittenden,Arkansas,5035.0,89,2,254,254,5035.0
2020-04-10,Cross,Arkansas,5037.0,6,0,25,25,5037.0
2020-04-10,Desha,Arkansas,5041.0,6,0,50,50,5041.0
2020-04-10,Drew,Arkansas,5043.0,6,1,49,49,5043.0
2020-04-10,Faulkner,Arkansas,5045.0,57,1,183,172,5045.0
2020-04-10,Garland,Arkansas,5051.0,69,0,646,646,5051.0
2020-04-10,Hempstead,Arkansas,5057.0,3,1,79,79,5057.0
2020-04-10,Hot Spring,Arkansas,5059.0,8,0,100,100,5059.0
2020-04-10,Howard,Arkansas,5061.0,6,0,1254,1254,5061.0
2020-04-10,Independence,Arkansas,5063.0,5,0,199,199,5063.0
2020-04-10,Izard,Arkansas,5065.0,1,0,25,25,5065.0
2020-04-10,Miller,Arkansas,5091.0,20,0,87,87,5091.0
2020-04-10,Mississippi,Arkansas,5093.0,7,0,193,193,5093.0
2020-04-10,Pulaski,Arkansas,5119.0,236,8,3827,3827,5119.0
2020-04-10,Sebastian,Arkansas,5131.0,9,0,1050,1050,5131.0
2020-04-10,Sevier,Arkansas,5133.0,6,0,141,141,5133.0
2020-04-10,St. Francis,Arkansas,5123.0,31,0,118,118,5123.0
2020-04-10,Van Buren,Arkansas,5141.0,26,2,134,134,5141.0
2020-04-10,Yell,Arkansas,5149.0,1,0,76,76,5149.0
2020-04-10,Alameda,California,6001.0,766,20,4046,4046,6001.0
2020-04-10,Amador,California,6005.0,6,0,52,52,6005.0
2020-04-10,Butte,California,6007.0,14,0,606,606,6007.0
2020-04-10,Calaveras,California,6009.0,8,0,48,48,6009.0
2020-04-10,Colusa,California,6011.0,3,0,48,48,6011.0
2020-04-10,Contra Costa,California,6013.0,511,9,1993,1993,6013.0
2020-04-10,Del Norte,California,6015.0,2,0,49,49,6015.0
2020-04-10,El Dorado,California,6017.0,32,0,240,240,6017.0
2020-04-10,Fresno,California,6019.0,191,5,3551,3551,6019.0
2020-04-10,Glenn,California,6021.0,3,0,47,47,6021.0
2020-04-10,Humboldt,California,6023.0,50,0,400,400,6023.0
2020-04-10,Imperial,California,6025.0,79,2,268,268,6025.0
2020-04-10,Inyo,California,6027.0,12,0,62,62,6027.0
2020-04-10,Kern,California,6029.0,363,3,1833,1833,6029.0
2020-04-10,Kings,California,6031.0,9,0,6389,6389,6031.0
2020-04-10,Los Angeles,California,6037.0,8430,241,30342,30371,6037.0
2020-04-10,Madera,California,6039.0,32,2,462,462,6039.0
2020-04-10,Marin,California,6041.0,154,10,458,458,6041.0
2020-04-10,Mendocino,California,6045.0,4,0,141,141,6045.0
2020-04-10,Merced,California,6047.0,59,3,246,246,6047.0
2020-04-10,Mono,California,6051.0,21,1,17,17,6051.0
2020-04-10,Monterey,California,6053.0,79,3,793,793,6053.0
2020-04-10,Napa,California,6055.0,33,2,1780,1780,6055.0
2020-04-10,Nevada,California,6057.0,34,1,176,176,6057.0
2020-04-10,Orange,California,6059.0,1138,17,14851,15136,6059.0
2020-04-10,Placer,California,6061.0,123,4,748,748,6061.0
2020-04-10,Plumas,California,6063.0,4,0,87,87,6063.0
2020-04-10,Riverside,California,6065.0,1350,39,3945,3945,6065.0
2020-04-10,Sacramento,California,6067.0,652,24,4159,4159,6067.0
2020-04-10,San Benito,California,6069.0,35,2,181,181,6069.0
2020-04-10,San Bernardino,California,6071.0,810,25,5929,5929,6071.0
2020-04-10,San Diego,California,6073.0,1696,44,7658,7658,6073.0
2020-04-10,San Francisco,California,6075.0,800,13,4828,4828,6075.0
2020-04-10,San Joaquin,California,6077.0,257,14,1280,1280,6077.0
2020-04-10,San Luis Obispo,California,6079.0,107,1,1747,1747,6079.0
2020-04-10,San Mateo,California,6081.0,638,21,1781,1781,6081.0
2020-04-10,Santa Barbara,California,6083.0,260,2,1054,1054,6083.0
2020-04-10,Santa Clara,California,6085.0,1484,50,3831,3831,6085.0
2020-04-10,Santa Cruz,California,6087.0,80,1,488,488,6087.0
2020-04-10,Shasta,California,6089.0,24,3,763,763,6089.0
2020-04-10,Siskiyou,California,6093.0,5,0,61,61,6093.0
2020-04-10,Solano,California,6095.0,126,2,749,749,6095.0
2020-04-10,Sonoma,California,6097.0,145,2,2061,2071,6097.0
2020-04-10,Stanislaus,California,6099.0,116,1,1729,1729,6099.0
2020-04-10,Sutter,California,6101.0,22,2,92,92,6101.0
2020-04-10,Tehama,California,6103.0,1,0,76,76,6103.0
2020-04-10,Tulare,California,6107.0,203,11,2086,2086,6107.0
2020-04-10,Tuolumne,California,6109.0,1,0,152,152,6109.0
2020-04-10,Ventura,California,6111.0,298,10,1690,1690,6111.0
2020-04-10,Yolo,California,6113.0,75,3,156,156,6113.0
2020-04-10,Yuba,California,6115.0,15,1,173,173,6115.0
2020-04-10,Adams,Colorado,8001.0,543,23,1757,1757,8001.0
2020-04-10,Alamosa,Colorado,8003.0,7,2,44,44,8003.0
2020-04-10,Arapahoe,Colorado,8005.0,931,30,1018,1018,8005.0
2020-04-10,Archuleta,Colorado,8007.0,6,0,11,11,8007.0
2020-04-10,Baca,Colorado,8009.0,9,0,79,79,8009.0
2020-04-10,Boulder,Colorado,8013.0,234,7,700,700,8013.0
2020-04-10,Broomfield,Colorado,8014.0,68,2,92,92,8014.0
2020-04-10,Chaffee,Colorado,8015.0,27,3,25,25,8015.0
2020-04-10,Delta,Colorado,8029.0,6,1,74,74,8029.0
2020-04-10,Denver,Colorado,8031.0,1113,42,2426,2426,8031.0
2020-04-10,Eagle,Colorado,8037.0,426,5,58,58,8037.0
2020-04-10,El Paso,Colorado,8041.0,550,33,4324,4324,8041.0
2020-04-10,Gunnison,Colorado,8051.0,101,2,24,24,8051.0
2020-04-10,Huerfano,Colorado,8055.0,1,0,20,20,8055.0
2020-04-10,Kit Carson,Colorado,8063.0,6,0,19,19,8063.0
2020-04-10,La Plata,Colorado,8067.0,44,0,94,94,8067.0
2020-04-10,Larimer,Colorado,8069.0,177,9,725,725,8069.0
2020-04-10,Las Animas,Colorado,8071.0,2,0,25,25,8071.0
2020-04-10,Mesa,Colorado,8077.0,34,0,460,460,8077.0
2020-04-10,Moffat,Colorado,8081.0,3,0,0,0,8081.0
2020-04-10,Montezuma,Colorado,8083.0,12,2,25,25,8083.0
2020-04-10,Montrose,Colorado,8085.0,38,3,69,69,8085.0
2020-04-10,Otero,Colorado,8089.0,5,0,190,190,8089.0
2020-04-10,Pitkin,Colorado,8097.0,47,2,25,25,8097.0
2020-04-10,Prowers,Colorado,8099.0,1,0,25,25,8099.0
2020-04-10,Pueblo,Colorado,8101.0,50,3,1292,1292,8101.0
2020-04-10,Rio Blanco,Colorado,8103.0,1,0,46,46,8103.0
2020-04-10,Rio Grande,Colorado,8105.0,5,0,17,17,8105.0
2020-04-10,Routt,Colorado,8107.0,35,1,98,98,8107.0
2020-04-10,Teller,Colorado,8119.0,12,2,15,15,8119.0
2020-04-10,Weld,Colorado,8123.0,649,40,300,300,8123.0
2020-04-10,Yuma,Colorado,8125.0,2,0,438,438,8125.0
2020-04-10,Fairfield,Connecticut,9001.0,5180,203,2346,2346,9001.0
2020-04-10,Hartford,Connecticut,9003.0,1615,88,2980,2980,9003.0
2020-04-10,Litchfield,Connecticut,9005.0,346,16,272,272,9005.0
2020-04-10,New Haven,Connecticut,9009.0,2383,98,3045,3045,9009.0
2020-04-10,New London,Connecticut,9011.0,156,7,465,465,9011.0
2020-04-10,Tolland,Connecticut,9013.0,152,14,174,174,9013.0
2020-04-10,Windham,Connecticut,9015.0,59,1,463,463,9015.0
2020-04-10,New Castle,Delaware,10003.0,751,19,2016,2016,10003.0
2020-04-10,District of Columbia,District of Columbia,11001.0,1660,38,4304,4304,11001.0
2020-04-10,Alachua,Florida,12001.0,167,0,1765,1765,12001.0
2020-04-10,Baker,Florida,12003.0,16,2,1228,1228,12003.0
2020-04-10,Brevard,Florida,12009.0,121,2,1768,1768,12009.0
2020-04-10,Broward,Florida,12011.0,2679,72,6515,6803,12011.0
2020-04-10,Charlotte,Florida,12015.0,104,5,771,823,12015.0
2020-04-10,Citrus,Florida,12017.0,64,6,332,332,12017.0
2020-04-10,Collier,Florida,12021.0,327,3,1051,1051,12021.0
2020-04-10,Columbia,Florida,12023.0,23,0,904,904,12023.0
2020-04-10,Duval,Florida,12031.0,618,11,3859,4071,12031.0
2020-04-10,Escambia,Florida,12033.0,204,3,1224,1452,12033.0
2020-04-10,Flagler,Florida,12035.0,44,1,99,99,12035.0
2020-04-10,Gadsden,Florida,12039.0,13,0,1253,1253,12039.0
2020-04-10,Gulf,Florida,12045.0,1,0,19,19,12045.0
2020-04-10,Hardee,Florida,12049.0,3,0,25,25,12049.0
2020-04-10,Hendry,Florida,12051.0,15,0,25,25,12051.0
2020-04-10,Hernando,Florida,12053.0,64,2,620,620,12053.0
2020-04-10,Highlands,Florida,12055.0,47,4,323,323,12055.0
2020-04-10,Hillsborough,Florida,12057.0,676,12,6005,6021,12057.0
2020-04-10,Indian River,Florida,12061.0,70,1,566,612,12061.0
2020-04-10,Lee,Florida,12071.0,571,16,3672,3672,12071.0
2020-04-10,Leon,Florida,12073.0,90,0,1208,1208,12073.0
2020-04-10,Levy,Florida,12075.0,6,0,40,40,12075.0
2020-04-10,Manatee,Florida,12081.0,200,13,806,806,12081.0
2020-04-10,Martin,Florida,12085.0,115,3,627,707,12085.0
2020-04-10,Miami-Dade,Florida,12086.0,6299,84,9726,10243,12086.0
2020-04-10,Okaloosa,Florida,12091.0,84,1,673,673,12091.0
2020-04-10,Okeechobee,Florida,12093.0,5,0,100,100,12093.0
2020-04-10,Osceola,Florida,12097.0,305,5,1047,1047,12097.0
2020-04-10,Palm Beach,Florida,12099.0,1429,79,4850,4993,12099.0
2020-04-10,Pasco,Florida,12101.0,143,2,1440,1440,12101.0
2020-04-10,Pinellas,Florida,12103.0,431,12,4229,4229,12103.0
2020-04-10,Polk,Florida,12105.0,241,8,4167,4167,12105.0
2020-04-10,Santa Rosa,Florida,12113.0,105,3,355,385,12113.0
2020-04-10,Sarasota,Florida,12115.0,211,10,1532,1618,12115.0
2020-04-10,Seminole,Florida,12117.0,238,2,1062,1062,12117.0
2020-04-10,St. Johns,Florida,12109.0,165,2,335,335,12109.0
2020-04-10,St. Lucie,Florida,12111.0,146,6,836,986,12111.0
2020-04-10,Suwannee,Florida,12121.0,59,0,15,15,12121.0
2020-04-10,Union,Florida,12125.0,2,0,2876,2935,12125.0
2020-04-10,Volusia,Florida,12127.0,190,6,2042,2042,12127.0
2020-04-10,Walton,Florida,12131.0,27,0,300,300,12131.0
2020-04-10,Appling,Georgia,13001.0,9,0,49,49,13001.0
2020-04-10,Bacon,Georgia,13005.0,14,0,47,47,13005.0
2020-04-10,Baldwin,Georgia,13009.0,35,1,738,738,13009.0
2020-04-10,Barrow,Georgia,13013.0,51,3,56,56,13013.0
2020-04-10,Bartow,Georgia,13015.0,208,15,80,80,13015.0
2020-04-10,Ben Hill,Georgia,13017.0,8,0,75,75,13017.0
2020-04-10,Bibb,Georgia,13021.0,58,1,1295,1329,13021.0
2020-04-10,Bleckley,Georgia,13023.0,1,0,25,25,13023.0
2020-04-10,Brooks,Georgia,13027.0,17,1,25,25,13027.0
2020-04-10,Bulloch,Georgia,13031.0,15,0,190,190,13031.0
2020-04-10,Butts,Georgia,13035.0,27,0,0,25,13035.0
2020-04-10,Candler,Georgia,13043.0,4,0,25,25,13043.0
2020-04-10,Carroll,Georgia,13045.0,200,5,1218,1218,13045.0
2020-04-10,Catoosa,Georgia,13047.0,12,0,185,185,13047.0
2020-04-10,Charlton,Georgia,13049.0,2,0,0,0,13049.0
2020-04-10,Chatham,Georgia,13051.0,140,5,1448,1742,13051.0
2020-04-10,Chattahoochee,Georgia,13053.0,3,0,57,57,13053.0
2020-04-10,Chattooga,Georgia,13055.0,4,1,31,31,13055.0
2020-04-10,Clayton,Georgia,13063.0,328,11,533,608,13063.0
2020-04-10,Clinch,Georgia,13065.0,3,0,25,25,13065.0
2020-04-10,Cobb,Georgia,13067.0,681,33,1274,1274,13067.0
2020-04-10,Colquitt,Georgia,13071.0,80,5,158,158,13071.0
2020-04-10,Coweta,Georgia,13077.0,100,2,211,211,13077.0
2020-04-10,Crisp,Georgia,13081.0,63,0,73,73,13081.0
2020-04-10,Dade,Georgia,13083.0,2,1,13,13,13083.0
2020-04-10,DeKalb,Georgia,13089.0,826,13,3072,3072,13089.0
2020-04-10,Dooly,Georgia,13093.0,37,1,47,47,13093.0
2020-04-10,Dougherty,Georgia,13095.0,1072,68,939,939,13095.0
2020-04-10,Douglas,Georgia,13097.0,148,5,4195,4195,13097.0
2020-04-10,Early,Georgia,13099.0,107,6,0,25,13099.0
2020-04-10,Effingham,Georgia,13103.0,20,1,171,171,13103.0
2020-04-10,Elbert,Georgia,13105.0,3,0,52,52,13105.0
2020-04-10,Emanuel,Georgia,13107.0,7,0,72,72,13107.0
2020-04-10,Fayette,Georgia,13113.0,93,4,3286,3333,13113.0
2020-04-10,Fulton,Georgia,13121.0,1417,50,5085,5327,13121.0
2020-04-10,Gilmer,Georgia,13123.0,6,0,0,50,13123.0
2020-04-10,Glynn,Georgia,13127.0,34,0,101,401,13127.0
2020-04-10,Gordon,Georgia,13129.0,29,3,80,80,13129.0
2020-04-10,Grady,Georgia,13131.0,15,0,159,159,13131.0
2020-04-10,Gwinnett,Georgia,13135.0,669,17,847,847,13135.0
2020-04-10,Habersham,Georgia,13137.0,14,1,53,53,13137.0
2020-04-10,Hall,Georgia,13139.0,273,0,159,716,13139.0
2020-04-10,Haralson,Georgia,13143.0,15,0,25,25,13143.0
2020-04-10,Irwin,Georgia,13155.0,11,0,34,34,13155.0
2020-04-10,Jasper,Georgia,13159.0,6,0,613,613,13159.0
2020-04-10,Jeff Davis,Georgia,13161.0,1,0,25,25,13161.0
2020-04-10,Jenkins,Georgia,13165.0,9,1,25,25,13165.0
2020-04-10,Lanier,Georgia,13173.0,5,0,25,25,13173.0
2020-04-10,Laurens,Georgia,13175.0,29,1,444,444,13175.0
2020-04-10,Lumpkin,Georgia,13187.0,9,0,49,49,13187.0
2020-04-10,McDuffie,Georgia,13189.0,19,2,72,72,13189.0
2020-04-10,Meriwether,Georgia,13199.0,19,0,188,188,13199.0
2020-04-10,Mitchell,Georgia,13205.0,135,13,194,194,13205.0
2020-04-10,Murray,Georgia,13213.0,12,0,92,92,13213.0
2020-04-10,Muscogee,Georgia,13215.0,142,3,1374,1374,13215.0
2020-04-10,Paulding,Georgia,13223.0,74,2,324,324,13223.0
2020-04-10,Peach,Georgia,13225.0,21,2,50,50,13225.0
2020-04-10,Rabun,Georgia,13241.0,6,0,25,25,13241.0
2020-04-10,Richmond,Georgia,13245.0,134,4,3820,3820,13245.0
2020-04-10,Rockdale,Georgia,13247.0,89,2,146,146,13247.0
2020-04-10,Screven,Georgia,13251.0,5,0,25,25,13251.0
2020-04-10,Spalding,Georgia,13255.0,65,4,160,160,13255.0
2020-04-10,Stephens,Georgia,13257.0,16,0,274,274,13257.0
2020-04-10,Stewart,Georgia,13259.0,6,0,25,25,13259.0
2020-04-10,Tattnall,Georgia,13267.0,3,0,25,25,13267.0
2020-04-10,Thomas,Georgia,13275.0,74,3,752,752,13275.0
2020-04-10,Tift,Georgia,13277.0,56,1,191,191,13277.0
2020-04-10,Toombs,Georgia,13279.0,11,1,57,57,13279.0
2020-04-10,Towns,Georgia,13281.0,3,0,25,25,13281.0
2020-04-10,Troup,Georgia,13285.0,56,3,276,276,13285.0
2020-04-10,Upson,Georgia,13293.0,50,0,115,115,13293.0
2020-04-10,Ware,Georgia,13299.0,50,4,284,284,13299.0
2020-04-10,Whitfield,Georgia,13313.0,24,3,282,282,13313.0
2020-04-10,Worth,Georgia,13321.0,78,4,25,25,13321.0
2020-04-10,Hawaii,Hawaii,15001.0,31,0,504,504,15001.0
2020-04-10,Honolulu,Hawaii,15003.0,343,5,2459,2459,15003.0
2020-04-10,Kauai,Hawaii,15007.0,19,0,144,144,15007.0
2020-04-10,Maui,Hawaii,15009.0,66,3,258,258,15009.0
2020-04-10,Ada,Idaho,16001.0,513,6,1354,1354,16001.0
2020-04-10,Bannock,Idaho,16005.0,5,0,219,219,16005.0
2020-04-10,Bingham,Idaho,16011.0,2,0,153,153,16011.0
2020-04-10,Bonner,Idaho,16017.0,4,0,25,25,16017.0
2020-04-10,Bonneville,Idaho,16019.0,11,0,332,332,16019.0
2020-04-10,Canyon,Idaho,16027.0,145,5,302,302,16027.0
2020-04-10,Caribou,Idaho,16029.0,1,0,25,25,16029.0
2020-04-10,Cassia,Idaho,16031.0,7,1,25,25,16031.0
2020-04-10,Gem,Idaho,16045.0,9,0,16,16,16045.0
2020-04-10,Gooding,Idaho,16047.0,5,0,18,18,16047.0
2020-04-10,Idaho,Idaho,16049.0,3,0,41,41,16049.0
2020-04-10,Jerome,Idaho,16053.0,28,2,25,25,16053.0
2020-04-10,Kootenai,Idaho,16055.0,44,0,396,396,16055.0
2020-04-10,Latah,Idaho,16057.0,3,0,25,25,16057.0
2020-04-10,Minidoka,Idaho,16067.0,4,0,25,25,16067.0
2020-04-10,Nez Perce,Idaho,16069.0,19,5,145,145,16069.0
2020-04-10,Power,Idaho,16077.0,2,0,10,10,16077.0
2020-04-10,Twin Falls,Idaho,16083.0,73,1,253,253,16083.0
2020-04-10,Bond,Illinois,17005.0,4,0,150,150,17005.0
2020-04-10,Bureau,Illinois,17011.0,4,0,25,25,17011.0
2020-04-10,Champaign,Illinois,17019.0,79,1,557,557,17019.0
2020-04-10,Coles,Illinois,17029.0,2,0,118,118,17029.0
2020-04-10,Cook,Illinois,17031.0,12472,398,18335,18335,17031.0
2020-04-10,De Witt,Illinois,17039.0,2,0,25,25,17039.0
2020-04-10,DuPage,Illinois,17043.0,1008,42,1880,1880,17043.0
2020-04-10,Iroquois,Illinois,17075.0,7,0,84,84,17075.0
2020-04-10,Jersey,Illinois,17083.0,6,0,49,49,17083.0
2020-04-10,Jo Daviess,Illinois,17085.0,10,0,25,25,17085.0
2020-04-10,Kane,Illinois,17089.0,339,22,1101,1101,17089.0
2020-04-10,Kankakee,Illinois,17091.0,167,10,468,468,17091.0
2020-04-10,LaSalle,Illinois,17099.0,19,1,353,353,17099.0
2020-04-10,Macoupin,Illinois,17117.0,14,0,50,50,17117.0
2020-04-10,Massac,Illinois,17127.0,2,0,25,25,17127.0
2020-04-10,McHenry,Illinois,17111.0,206,5,343,343,17111.0
2020-04-10,Ogle,Illinois,17141.0,16,1,16,16,17141.0
2020-04-10,Peoria,Illinois,17143.0,20,1,1122,1122,17143.0
2020-04-10,Piatt,Illinois,17147.0,6,0,16,16,17147.0
2020-04-10,Rock Island,Illinois,17161.0,80,3,444,444,17161.0
2020-04-10,Sangamon,Illinois,17167.0,42,2,1045,1045,17167.0
2020-04-10,Schuyler,Illinois,17169.0,1,0,71,71,17169.0
2020-04-10,Stephenson,Illinois,17177.0,8,0,100,100,17177.0
2020-04-10,Whiteside,Illinois,17195.0,24,1,135,135,17195.0
2020-04-10,Will,Illinois,17197.0,1077,52,917,917,17197.0
2020-04-10,Allen,Indiana,18003.0,119,9,2434,2514,18003.0
2020-04-10,Bartholomew,Indiana,18005.0,83,4,198,198,18005.0
2020-04-10,Blackford,Indiana,18009.0,4,0,15,15,18009.0
2020-04-10,Daviess,Indiana,18027.0,9,1,607,607,18027.0
2020-04-10,Dearborn,Indiana,18029.0,59,3,104,104,18029.0
2020-04-10,Decatur,Indiana,18031.0,118,8,231,231,18031.0
2020-04-10,Dubois,Indiana,18037.0,10,0,123,123,18037.0
2020-04-10,Elkhart,Indiana,18039.0,61,3,406,406,18039.0
2020-04-10,Floyd,Indiana,18043.0,93,3,1508,1508,18043.0
2020-04-10,Grant,Indiana,18053.0,32,2,677,677,18053.0
2020-04-10,Hendricks,Indiana,18063.0,287,8,287,287,18063.0
2020-04-10,Huntington,Indiana,18069.0,6,1,36,36,18069.0
2020-04-10,Jay,Indiana,18075.0,4,0,35,35,18075.0
2020-04-10,Jennings,Indiana,18079.0,46,0,17,17,18079.0
2020-04-10,Kosciusko,Indiana,18085.0,17,1,88,88,18085.0
2020-04-10,LaGrange,Indiana,18087.0,9,1,25,25,18087.0
2020-04-10,LaPorte,Indiana,18091.0,31,3,377,377,18091.0
2020-04-10,Lake,Indiana,18089.0,576,23,5366,5412,18089.0
2020-04-10,Marshall,Indiana,18099.0,12,0,844,844,18099.0
2020-04-10,Morgan,Indiana,18109.0,89,3,967,967,18109.0
2020-04-10,Noble,Indiana,18113.0,14,1,57,57,18113.0
2020-04-10,Porter,Indiana,18127.0,95,0,317,317,18127.0
2020-04-10,St. Joseph,Indiana,18141.0,165,2,0,0,18141.0
2020-04-10,Starke,Indiana,18149.0,8,0,53,53,18149.0
2020-04-10,Tippecanoe,Indiana,18157.0,42,1,813,813,18157.0
2020-04-10,Tipton,Indiana,18159.0,9,0,125,125,18159.0
2020-04-10,Vanderburgh,Indiana,18163.0,53,1,1266,1266,18163.0
2020-04-10,Vermillion,Indiana,18165.0,3,0,25,25,18165.0
2020-04-10,Vigo,Indiana,18167.0,40,2,541,541,18167.0
2020-04-10,Wabash,Indiana,18169.0,7,0,50,50,18169.0
2020-04-10,Warrick,Indiana,18173.0,33,2,181,181,18173.0
2020-04-10,Wayne,Indiana,18177.0,16,1,7440,7528,18177.0
2020-04-10,White,Indiana,18181.0,3,0,591,591,18181.0
2020-04-10,Allamakee,Iowa,19005.0,20,1,25,25,19005.0
2020-04-10,Appanoose,Iowa,19007.0,1,1,45,45,19007.0
2020-04-10,Audubon,Iowa,19009.0,1,0,25,25,19009.0
2020-04-10,Black Hawk,Iowa,19013.0,35,0,459,459,19013.0
2020-04-10,Boone,Iowa,19015.0,4,0,1139,1139,19015.0
2020-04-10,Bremer,Iowa,19017.0,2,0,50,50,19017.0
2020-04-10,Buena Vista,Iowa,19021.0,1,0,35,35,19021.0
2020-04-10,Cerro Gordo,Iowa,19033.0,13,0,586,586,19033.0
2020-04-10,Clarke,Iowa,19039.0,2,0,709,709,19039.0
2020-04-10,Des Moines,Iowa,19057.0,3,0,213,213,19057.0
2020-04-10,Dubuque,Iowa,19061.0,32,1,470,470,19061.0
2020-04-10,Guthrie,Iowa,19077.0,1,0,25,25,19077.0
2020-04-10,Hardin,Iowa,19083.0,1,0,631,631,19083.0
2020-04-10,Harrison,Iowa,19085.0,12,0,1463,1463,19085.0
2020-04-10,Iowa,Iowa,19095.0,7,0,50,50,19095.0
2020-04-10,Jones,Iowa,19105.0,8,0,440,440,19105.0
2020-04-10,Keokuk,Iowa,19107.0,2,0,25,25,19107.0
2020-04-10,Kossuth,Iowa,19109.0,1,0,25,25,19109.0
2020-04-10,Mahaska,Iowa,19123.0,4,0,33,33,19123.0
2020-04-10,Mills,Iowa,19129.0,1,0,851,851,19129.0
2020-04-10,Monona,Iowa,19133.0,6,0,25,25,19133.0
2020-04-10,Muscatine,Iowa,19139.0,80,1,48,48,19139.0
2020-04-10,O'Brien,Iowa,19141.0,3,0,50,50,19141.0
2020-04-10,Page,Iowa,19145.0,3,0,135,135,19145.0
2020-04-10,Pottawattamie,Iowa,19155.0,12,0,514,514,19155.0
2020-04-10,Poweshiek,Iowa,19157.0,6,1,49,49,19157.0
2020-04-10,Scott,Iowa,19163.0,99,1,1714,1714,19163.0
2020-04-10,Story,Iowa,19169.0,7,0,279,279,19169.0
2020-04-10,Wapello,Iowa,19179.0,3,0,217,217,19179.0
2020-04-10,Webster,Iowa,19187.0,2,0,465,462,19187.0
2020-04-10,Winneshiek,Iowa,19191.0,5,0,25,25,19191.0
2020-04-10,Woodbury,Iowa,19193.0,15,0,830,830,19193.0
2020-04-10,Wright,Iowa,19197.0,1,0,151,151,19197.0
2020-04-10,Barber,Kansas,20007.0,1,0,93,93,20007.0
2020-04-10,Bourbon,Kansas,20011.0,7,1,119,119,20011.0
2020-04-10,Cloud,Kansas,20029.0,3,0,25,25,20029.0
2020-04-10,Coffey,Kansas,20031.0,37,1,78,78,20031.0
2020-04-10,Cowley,Kansas,20035.0,2,1,62,62,20035.0
2020-04-10,Finney,Kansas,20055.0,12,0,132,132,20055.0
2020-04-10,Ford,Kansas,20057.0,3,0,166,166,20057.0
2020-04-10,Geary,Kansas,20061.0,6,0,92,92,20061.0
2020-04-10,Gove,Kansas,20063.0,1,0,70,70,20063.0
2020-04-10,Harvey,Kansas,20079.0,4,0,141,141,20079.0
2020-04-10,Jewell,Kansas,20089.0,2,0,25,25,20089.0
2020-04-10,Johnson,Kansas,20091.0,263,12,3676,3676,20091.0
2020-04-10,Labette,Kansas,20099.0,15,0,67,67,20099.0
2020-04-10,Leavenworth,Kansas,20103.0,66,1,130,130,20103.0
2020-04-10,Morton,Kansas,20129.0,1,0,161,161,20129.0
2020-04-10,Neosho,Kansas,20133.0,1,0,25,25,20133.0
2020-04-10,Osborne,Kansas,20141.0,2,0,25,25,20141.0
2020-04-10,Pottawatomie,Kansas,20149.0,5,0,313,313,20149.0
2020-04-10,Pratt,Kansas,20151.0,1,0,85,85,20151.0
2020-04-10,Reno,Kansas,20155.0,11,0,223,223,20155.0
2020-04-10,Republic,Kansas,20157.0,4,0,63,63,20157.0
2020-04-10,Riley,Kansas,20161.0,20,0,109,109,20161.0
2020-04-10,Rooks,Kansas,20163.0,2,0,20,20,20163.0
2020-04-10,Sedgwick,Kansas,20173.0,172,2,1204,1204,20173.0
2020-04-10,Seward,Kansas,20175.0,3,0,125,125,20175.0
2020-04-10,Shawnee,Kansas,20177.0,59,3,768,768,20177.0
2020-04-10,Stevens,Kansas,20189.0,1,0,244,244,20189.0
2020-04-10,Wyandotte,Kansas,20209.0,300,20,1232,1232,20209.0
2020-04-10,Barren,Kentucky,21009.0,3,0,180,180,21009.0
2020-04-10,Boyd,Kentucky,21019.0,22,2,475,475,21019.0
2020-04-10,Boyle,Kentucky,21021.0,13,0,222,222,21021.0
2020-04-10,Breathitt,Kentucky,21025.0,2,0,55,55,21025.0
2020-04-10,Breckinridge,Kentucky,21027.0,3,0,25,25,21027.0
2020-04-10,Calloway,Kentucky,21035.0,11,1,152,152,21035.0
2020-04-10,Campbell,Kentucky,21037.0,42,3,494,494,21037.0
2020-04-10,Christian,Kentucky,21047.0,54,3,853,853,21047.0
2020-04-10,Graves,Kentucky,21083.0,5,0,107,107,21083.0
2020-04-10,Greenup,Kentucky,21089.0,2,0,190,190,21089.0
2020-04-10,Hart,Kentucky,21099.0,1,0,107,107,21099.0
2020-04-10,Kenton,Kentucky,21117.0,80,8,728,728,21117.0
2020-04-10,Laurel,Kentucky,21125.0,6,0,150,150,21125.0
2020-04-10,Leslie,Kentucky,21131.0,1,0,25,25,21131.0
2020-04-10,Letcher,Kentucky,21133.0,1,0,90,90,21133.0
2020-04-10,Logan,Kentucky,21141.0,5,0,517,517,21141.0
2020-04-10,McCracken,Kentucky,21145.0,18,2,708,708,21145.0
2020-04-10,Muhlenberg,Kentucky,21177.0,36,0,90,90,21177.0
2020-04-10,Nicholas,Kentucky,21181.0,1,0,123,123,21181.0
2020-04-10,Oldham,Kentucky,21185.0,13,0,187,187,21185.0
2020-04-10,Rockcastle,Kentucky,21203.0,6,0,26,26,21203.0
2020-04-10,Simpson,Kentucky,21213.0,15,1,124,124,21213.0
2020-04-10,Whitley,Kentucky,21235.0,1,0,303,303,21235.0
2020-04-10,Woodford,Kentucky,21239.0,13,0,43,43,21239.0
2020-04-10,Acadia,Louisiana,22001.0,94,4,59,59,22001.0
2020-04-10,Ascension,Louisiana,22005.0,397,19,125,125,22005.0
2020-04-10,Assumption,Louisiana,22007.0,105,1,6,6,22007.0
2020-04-10,Avoyelles,Louisiana,22009.0,56,1,55,55,22009.0
2020-04-10,Beauregard,Louisiana,22011.0,27,1,80,80,22011.0
2020-04-10,Bienville,Louisiana,22013.0,27,1,21,21,22013.0
2020-04-10,Bossier,Louisiana,22015.0,175,7,404,404,22015.0
2020-04-10,Caddo,Louisiana,22017.0,950,39,2370,2370,22017.0
2020-04-10,Calcasieu,Louisiana,22019.0,228,5,788,788,22019.0
2020-04-10,Concordia,Louisiana,22029.0,16,1,65,65,22029.0
2020-04-10,De Soto,Louisiana,22031.0,107,7,0,0,22031.0
2020-04-10,East Baton Rouge,Louisiana,22033.0,1088,39,2733,2733,22033.0
2020-04-10,East Carroll,Louisiana,22035.0,1,0,11,11,22035.0
2020-04-10,East Feliciana,Louisiana,22037.0,65,2,490,506,22037.0
2020-04-10,Evangeline,Louisiana,22039.0,35,0,250,250,22039.0
2020-04-10,Iberia,Louisiana,22045.0,121,5,211,211,22045.0
2020-04-10,Iberville,Louisiana,22047.0,198,10,0,0,22047.0
2020-04-10,Jefferson,Louisiana,22051.0,4678,165,15862,16429,22051.0
2020-04-10,Jefferson Davis,Louisiana,22053.0,32,2,131,131,22053.0
2020-04-10,Lafourche,Louisiana,22057.0,426,13,203,203,22057.0
2020-04-10,Morehouse,Louisiana,22067.0,27,2,82,82,22067.0
2020-04-10,Natchitoches,Louisiana,22069.0,33,0,208,208,22069.0
2020-04-10,Orleans,Louisiana,22071.0,5416,225,1735,1735,22071.0
2020-04-10,Ouachita,Louisiana,22073.0,326,5,779,779,22073.0
2020-04-10,Pointe Coupee,Louisiana,22077.0,38,2,25,25,22077.0
2020-04-10,Rapides,Louisiana,22079.0,156,4,966,966,22079.0
2020-04-10,Red River,Louisiana,22081.0,7,1,86,86,22081.0
2020-04-10,Sabine,Louisiana,22085.0,8,0,69,69,22085.0
2020-04-10,St. Bernard,Louisiana,22087.0,343,10,0,0,22087.0
2020-04-10,St. Bernard,Louisiana,22087.0,343,10,0,0,22087.0
2020-04-10,St. Helena,Louisiana,22091.0,11,0,25,25,22091.0
2020-04-10,St. James,Louisiana,22093.0,194,9,20,20,22093.0
2020-04-10,St. John the Baptist,Louisiana,22095.0,507,37,62,62,22095.0
2020-04-10,St. Landry,Louisiana,22097.0,103,6,605,605,22097.0
2020-04-10,St. Martin,Louisiana,22099.0,140,6,25,25,22099.0
2020-04-10,St. Mary,Louisiana,22101.0,100,1,187,187,22101.0
2020-04-10,St. Tammany,Louisiana,22103.0,825,27,946,946,22103.0
2020-04-10,Tangipahoa,Louisiana,22105.0,305,6,424,424,22105.0
2020-04-10,Terrebonne,Louisiana,22109.0,244,13,367,367,22109.0
2020-04-10,Vermilion,Louisiana,22113.0,22,1,542,542,22113.0
2020-04-10,Vernon,Louisiana,22115.0,13,0,309,309,22115.0
2020-04-10,West Carroll,Louisiana,22123.0,3,0,21,21,22123.0
2020-04-10,West Feliciana,Louisiana,22125.0,41,0,22,22,22125.0
2020-04-10,Winn,Louisiana,22127.0,8,2,99,99,22127.0
2020-04-10,Androscoggin,Maine,23001.0,24,0,483,483,23001.0
2020-04-10,Aroostook,Maine,23003.0,2,0,256,256,23003.0
2020-04-10,Hancock,Maine,23009.0,4,0,513,513,23009.0
2020-04-10,Kennebec,Maine,23011.0,29,1,773,773,23011.0
2020-04-10,Oxford,Maine,23017.0,12,0,75,75,23017.0
2020-04-10,Penobscot,Maine,23019.0,33,0,773,773,23019.0
2020-04-10,Waldo,Maine,23027.0,19,2,25,25,23027.0
2020-04-10,Allegany,Maryland,24001.0,10,0,527,527,24001.0
2020-04-10,Anne Arundel,Maryland,24003.0,554,16,673,673,24003.0
2020-04-10,Baltimore city,Maryland,24510.0,689,17,1983,1983,24510.0
2020-04-10,Baltimore city,Maryland,24510.0,689,17,4388,4613,24510.0
2020-04-10,Calvert,Maryland,24009.0,76,2,76,76,24009.0
2020-04-10,Cecil,Maryland,24015.0,64,1,122,122,24015.0
2020-04-10,Charles,Maryland,24017.0,220,4,124,89,24017.0
2020-04-10,Frederick,Maryland,24021.0,289,9,308,308,24021.0
2020-04-10,Garrett,Maryland,24023.0,4,0,55,55,24023.0
2020-04-10,Harford,Maryland,24025.0,110,0,255,255,24025.0
2020-04-10,Prince George's,Maryland,24033.0,1716,42,866,866,24033.0
2020-04-10,St. Mary's,Maryland,24037.0,71,0,95,95,24037.0
2020-04-10,Talbot,Maryland,24041.0,13,1,132,132,24041.0
2020-04-10,Wicomico,Maryland,24045.0,28,1,416,416,24045.0
2020-04-10,Barnstable,Massachusetts,25001.0,464,13,407,407,25001.0
2020-04-10,Berkshire,Massachusetts,25003.0,329,22,359,359,25003.0
2020-04-10,Bristol,Massachusetts,25005.0,1086,33,1437,1452,25005.0
2020-04-10,Dukes,Massachusetts,25007.0,12,0,25,25,25007.0
2020-04-10,Hampden,Massachusetts,25013.0,1394,88,1773,1773,25013.0
2020-04-10,Hampshire,Massachusetts,25015.0,194,4,209,209,25015.0
2020-04-10,Middlesex,Massachusetts,25017.0,4447,109,7147,7147,25017.0
2020-04-10,Nantucket,Massachusetts,25019.0,9,0,19,19,25019.0
2020-04-10,Norfolk,Massachusetts,25021.0,2216,66,3186,3186,25021.0
2020-04-10,Plymouth,Massachusetts,25023.0,1677,46,897,897,25023.0
2020-04-10,Suffolk,Massachusetts,25025.0,4534,73,9895,9895,25025.0
2020-04-10,Worcester,Massachusetts,25027.0,1678,38,2278,2278,25027.0
2020-04-10,Allegan,Michigan,26005.0,19,0,68,68,26005.0
2020-04-10,Arenac,Michigan,26011.0,4,0,25,25,26011.0
2020-04-10,Barry,Michigan,26015.0,7,0,92,92,26015.0
2020-04-10,Bay,Michigan,26017.0,48,0,1141,1141,26017.0
2020-04-10,Berrien,Michigan,26021.0,88,2,512,575,26021.0
2020-04-10,Branch,Michigan,26023.0,25,2,96,96,26023.0
2020-04-10,Charlevoix,Michigan,26029.0,10,0,25,25,26029.0
2020-04-10,Clare,Michigan,26035.0,3,1,49,49,26035.0
2020-04-10,Dickinson,Michigan,26043.0,3,1,282,282,26043.0
2020-04-10,Eaton,Michigan,26045.0,69,4,45,45,26045.0
2020-04-10,Genesee,Michigan,26049.0,828,57,1300,1300,26049.0
2020-04-10,Gladwin,Michigan,26051.0,4,0,25,25,26051.0
2020-04-10,Gogebic,Michigan,26053.0,4,1,25,25,26053.0
2020-04-10,Grand Traverse,Michigan,26055.0,16,3,377,377,26055.0
2020-04-10,Gratiot,Michigan,26057.0,6,0,67,67,26057.0
2020-04-10,Hillsdale,Michigan,26059.0,70,6,65,65,26059.0
2020-04-10,Houghton,Michigan,26061.0,1,0,61,61,26061.0
2020-04-10,Huron,Michigan,26063.0,5,0,227,227,26063.0
2020-04-10,Ingham,Michigan,26065.0,239,3,1123,1123,26065.0
2020-04-10,Ionia,Michigan,26067.0,14,2,47,47,26067.0
2020-04-10,Iosco,Michigan,26069.0,4,1,49,49,26069.0
2020-04-10,Isabella,Michigan,26073.0,37,2,118,118,26073.0
2020-04-10,Kalamazoo,Michigan,26077.0,77,7,821,821,26077.0
2020-04-10,Kalkaska,Michigan,26079.0,10,2,8,8,26079.0
2020-04-10,Kent,Michigan,26081.0,250,13,2533,2533,26081.0
2020-04-10,Lapeer,Michigan,26087.0,87,6,183,183,26087.0
2020-04-10,Lenawee,Michigan,26091.0,39,0,113,113,26091.0
2020-04-10,Luce,Michigan,26095.0,1,0,25,25,26095.0
2020-04-10,Mackinac,Michigan,26097.0,4,0,15,15,26097.0
2020-04-10,Macomb,Michigan,26099.0,2973,197,1322,1322,26099.0
2020-04-10,Manistee,Michigan,26101.0,9,0,45,45,26101.0
2020-04-10,Marquette,Michigan,26103.0,21,2,289,289,26103.0
2020-04-10,Mason,Michigan,26105.0,1,0,395,395,26105.0
2020-04-10,Mecosta,Michigan,26107.0,11,1,69,69,26107.0
2020-04-10,Montcalm,Michigan,26117.0,20,1,148,148,26117.0
2020-04-10,Muskegon,Michigan,26121.0,57,4,413,413,26121.0
2020-04-10,Newaygo,Michigan,26123.0,4,0,25,25,26123.0
2020-04-10,Oakland,Michigan,26125.0,4511,282,4435,4435,26125.0
2020-04-10,Oceana,Michigan,26127.0,3,1,24,24,26127.0
2020-04-10,Ogemaw,Michigan,26129.0,3,0,88,88,26129.0
2020-04-10,Otsego,Michigan,26137.0,29,2,286,286,26137.0
2020-04-10,Ottawa,Michigan,26139.0,61,1,545,545,26139.0
2020-04-10,Presque Isle,Michigan,26141.0,2,0,28,28,26141.0
2020-04-10,Saginaw,Michigan,26145.0,240,9,968,968,26145.0
2020-04-10,Sanilac,Michigan,26151.0,23,2,65,65,26151.0
2020-04-10,Schoolcraft,Michigan,26153.0,1,0,37,37,26153.0
2020-04-10,Shiawassee,Michigan,26155.0,34,0,107,107,26155.0
2020-04-10,St. Joseph,Michigan,26149.0,20,0,955,955,26149.0
2020-04-10,Tuscola,Michigan,26157.0,41,5,50,50,26157.0
2020-04-10,Washtenaw,Michigan,26161.0,659,15,1719,1719,26161.0
2020-04-10,Wexford,Michigan,26165.0,7,0,49,49,26165.0
2020-04-10,Anoka,Minnesota,27003.0,55,0,546,546,27003.0
2020-04-10,Beltrami,Minnesota,27007.0,5,0,118,118,27007.0
2020-04-10,Big Stone,Minnesota,27011.0,1,0,40,40,27011.0
2020-04-10,Blue Earth,Minnesota,27013.0,22,0,272,272,27013.0
2020-04-10,Carlton,Minnesota,27017.0,18,0,61,61,27017.0
2020-04-10,Carver,Minnesota,27019.0,12,0,109,109,27019.0
2020-04-10,Chisago,Minnesota,27025.0,6,1,61,61,27025.0
2020-04-10,Clearwater,Minnesota,27029.0,2,0,108,108,27029.0
2020-04-10,Cottonwood,Minnesota,27033.0,5,0,26,26,27033.0
2020-04-10,Crow Wing,Minnesota,27035.0,13,0,212,212,27035.0
2020-04-10,Dakota,Minnesota,27037.0,85,4,259,259,27037.0
2020-04-10,Faribault,Minnesota,27043.0,4,0,43,43,27043.0
2020-04-10,Freeborn,Minnesota,27047.0,21,0,159,159,27047.0
2020-04-10,Goodhue,Minnesota,27049.0,14,0,104,104,27049.0
2020-04-10,Hennepin,Minnesota,27053.0,415,27,4668,4668,27053.0
2020-04-10,Isanti,Minnesota,27059.0,4,0,86,86,27059.0
2020-04-10,Itasca,Minnesota,27061.0,2,0,106,106,27061.0
2020-04-10,Kandiyohi,Minnesota,27067.0,2,0,136,136,27067.0
2020-04-10,Koochiching,Minnesota,27071.0,1,0,49,49,27071.0
2020-04-10,Lac qui Parle,Minnesota,27073.0,1,0,32,32,27073.0
2020-04-10,Le Sueur,Minnesota,27079.0,20,0,15,15,27079.0
2020-04-10,Mahnomen,Minnesota,27087.0,1,0,18,18,27087.0
2020-04-10,McLeod,Minnesota,27085.0,2,0,115,115,27085.0
2020-04-10,Meeker,Minnesota,27093.0,2,0,35,35,27093.0
2020-04-10,Mower,Minnesota,27099.0,22,0,82,82,27099.0
2020-04-10,Nicollet,Minnesota,27103.0,6,0,17,17,27103.0
2020-04-10,Nobles,Minnesota,27105.0,1,0,48,48,27105.0
2020-04-10,Olmsted,Minnesota,27109.0,126,2,2120,2120,27109.0
2020-04-10,Otter Tail,Minnesota,27111.0,3,0,133,133,27111.0
2020-04-10,Pine,Minnesota,27115.0,3,0,70,70,27115.0
2020-04-10,Pipestone,Minnesota,27117.0,1,0,44,44,27117.0
2020-04-10,Ramsey,Minnesota,27123.0,124,5,1932,1932,27123.0
2020-04-10,Redwood,Minnesota,27127.0,1,0,25,25,27127.0
2020-04-10,Renville,Minnesota,27129.0,2,0,41,41,27129.0
2020-04-10,Rice,Minnesota,27131.0,4,0,74,74,27131.0
2020-04-10,Roseau,Minnesota,27135.0,1,0,25,25,27135.0
2020-04-10,Sherburne,Minnesota,27141.0,9,0,54,54,27141.0
2020-04-10,Sibley,Minnesota,27143.0,1,0,20,20,27143.0
2020-04-10,Stearns,Minnesota,27145.0,7,0,588,588,27145.0
2020-04-10,Steele,Minnesota,27147.0,9,0,43,43,27147.0
2020-04-10,Swift,Minnesota,27151.0,1,0,46,46,27151.0
2020-04-10,Traverse,Minnesota,27155.0,2,0,25,25,27155.0
2020-04-10,Wabasha,Minnesota,27157.0,6,0,25,25,27157.0
2020-04-10,Waseca,Minnesota,27161.0,3,0,35,35,27161.0
2020-04-10,Watonwan,Minnesota,27165.0,4,0,50,50,27165.0
2020-04-10,Wilkin,Minnesota,27167.0,6,1,25,25,27167.0
2020-04-10,Winona,Minnesota,27169.0,26,5,99,99,27169.0
2020-04-10,Yellow Medicine,Minnesota,27173.0,2,0,55,55,27173.0
2020-04-10,Alcorn,Mississippi,28003.0,7,0,200,200,28003.0
2020-04-10,Attala,Mississippi,28007.0,17,0,25,25,28007.0
2020-04-10,Bolivar,Mississippi,28011.0,61,3,165,165,28011.0
2020-04-10,Chickasaw,Mississippi,28017.0,21,2,102,102,28017.0
2020-04-10,Choctaw,Mississippi,28019.0,9,1,139,139,28019.0
2020-04-10,Claiborne,Mississippi,28021.0,3,0,117,117,28021.0
2020-04-10,Coahoma,Mississippi,28027.0,37,1,181,181,28027.0
2020-04-10,Copiah,Mississippi,28029.0,30,0,50,50,28029.0
2020-04-10,DeSoto,Mississippi,28033.0,158,1,563,563,28033.0
2020-04-10,Forrest,Mississippi,28035.0,76,2,545,545,28035.0
2020-04-10,George,Mississippi,28039.0,7,0,48,48,28039.0
2020-04-10,Grenada,Mississippi,28043.0,10,0,156,156,28043.0
2020-04-10,Hinds,Mississippi,28049.0,219,2,2463,2463,28049.0
2020-04-10,Holmes,Mississippi,28051.0,39,3,114,114,28051.0
2020-04-10,Jones,Mississippi,28067.0,25,0,25,25,28067.0
2020-04-10,Lamar,Mississippi,28073.0,28,1,654,654,28073.0
2020-04-10,Lauderdale,Mississippi,28075.0,118,6,1371,1371,28075.0
2020-04-10,Leake,Mississippi,28079.0,22,0,25,25,28079.0
2020-04-10,Leflore,Mississippi,28083.0,43,4,248,248,28083.0
2020-04-10,Lowndes,Mississippi,28087.0,19,0,790,790,28087.0
2020-04-10,Monroe,Mississippi,28095.0,25,1,3398,3409,28095.0
2020-04-10,Neshoba,Mississippi,28099.0,21,0,48,48,28099.0
2020-04-10,Noxubee,Mississippi,28103.0,6,0,25,25,28103.0
2020-04-10,Oktibbeha,Mississippi,28105.0,36,1,96,96,28105.0
2020-04-10,Pearl River,Mississippi,28109.0,77,4,179,179,28109.0
2020-04-10,Pike,Mississippi,28113.0,39,1,771,771,28113.0
2020-04-10,Prentiss,Mississippi,28117.0,12,0,114,114,28117.0
2020-04-10,Quitman,Mississippi,28119.0,12,0,33,33,28119.0
2020-04-10,Rankin,Mississippi,28121.0,88,2,2081,2081,28121.0
2020-04-10,Sharkey,Mississippi,28125.0,3,0,29,29,28125.0
2020-04-10,Stone,Mississippi,28131.0,5,0,50,50,28131.0
2020-04-10,Sunflower,Mississippi,28133.0,34,1,140,140,28133.0
2020-04-10,Tallahatchie,Mississippi,28135.0,3,0,18,18,28135.0
2020-04-10,Tate,Mississippi,28137.0,22,0,76,76,28137.0
2020-04-10,Tippah,Mississippi,28139.0,42,6,25,25,28139.0
2020-04-10,Tishomingo,Mississippi,28141.0,2,0,48,48,28141.0
2020-04-10,Walthall,Mississippi,28147.0,16,0,25,25,28147.0
2020-04-10,Warren,Mississippi,28149.0,12,0,2729,2729,28149.0
2020-04-10,Wilkinson,Mississippi,28157.0,40,3,50,50,28157.0
2020-04-10,Winston,Mississippi,28159.0,17,0,152,152,28159.0
2020-04-10,Yalobusha,Mississippi,28161.0,11,0,26,26,28161.0
2020-04-10,Yazoo,Mississippi,28163.0,55,1,25,25,28163.0
2020-04-10,Atchison,Missouri,29005.0,1,0,43,43,29005.0
2020-04-10,Bates,Missouri,29013.0,6,0,60,60,29013.0
2020-04-10,Buchanan,Missouri,29021.0,20,1,647,647,29021.0
2020-04-10,Butler,Missouri,29023.0,10,0,1557,1557,29023.0
2020-04-10,Callaway,Missouri,29027.0,21,1,37,37,29027.0
2020-04-10,Camden,Missouri,29029.0,26,1,2998,2998,29029.0
2020-04-10,Cape Girardeau,Missouri,29031.0,26,1,601,601,29031.0
2020-04-10,Cass,Missouri,29037.0,27,2,1592,1592,29037.0
2020-04-10,Cedar,Missouri,29039.0,5,0,41,41,29039.0
2020-04-10,Clay,Missouri,29047.0,40,1,1765,1765,29047.0
2020-04-10,Clinton,Missouri,29049.0,10,0,991,991,29049.0
2020-04-10,Cole,Missouri,29051.0,35,1,402,402,29051.0
2020-04-10,Cooper,Missouri,29053.0,3,0,70,70,29053.0
2020-04-10,Dunklin,Missouri,29069.0,12,0,116,116,29069.0
2020-04-10,Franklin,Missouri,29071.0,68,3,8576,8576,29071.0
2020-04-10,Gasconade,Missouri,29073.0,2,0,24,24,29073.0
2020-04-10,Gentry,Missouri,29075.0,1,0,35,35,29075.0
2020-04-10,Greene,Missouri,29077.0,71,8,2461,2461,29077.0
2020-04-10,Henry,Missouri,29083.0,2,1,863,863,29083.0
2020-04-10,Howell,Missouri,29091.0,4,0,139,139,29091.0
2020-04-10,Jackson,Missouri,29095.0,193,5,6867,6867,29095.0
2020-04-10,Lafayette,Missouri,29107.0,28,1,1394,1394,29107.0
2020-04-10,Livingston,Missouri,29117.0,1,0,420,420,29117.0
2020-04-10,Newton,Missouri,29145.0,7,0,615,615,29145.0
2020-04-10,Nodaway,Missouri,29147.0,2,0,81,81,29147.0
2020-04-10,Pemiscot,Missouri,29155.0,4,0,167,167,29155.0
2020-04-10,Perry,Missouri,29157.0,31,0,533,533,29157.0
2020-04-10,Pettis,Missouri,29159.0,4,0,145,145,29159.0
2020-04-10,Phelps,Missouri,29161.0,1,0,267,267,29161.0
2020-04-10,Ray,Missouri,29177.0,7,0,34,34,29177.0
2020-04-10,Reynolds,Missouri,29179.0,2,0,0,0,29179.0
2020-04-10,Ripley,Missouri,29181.0,3,0,46,46,29181.0
2020-04-10,Saline,Missouri,29195.0,18,0,674,674,29195.0
2020-04-10,Scotland,Missouri,29199.0,2,0,129,129,29199.0
2020-04-10,St. Charles,Missouri,29183.0,298,11,911,911,29183.0
2020-04-10,St. Clair,Missouri,29185.0,2,0,1315,1315,29185.0
2020-04-10,St. Francois,Missouri,29187.0,20,1,231,231,29187.0
2020-04-10,St. Louis,Missouri,29189.0,1498,33,6053,6053,29189.0
2020-04-10,St. Louis city,Missouri,29510.0,536,17,4324,4324,29510.0
2020-04-10,Ste. Genevieve,Missouri,29186.0,6,1,47,47,29186.0
2020-04-10,Stoddard,Missouri,29207.0,9,0,48,48,29207.0
2020-04-10,Taney,Missouri,29213.0,7,1,157,157,29213.0
2020-04-10,Beaverhead,Montana,30001.0,1,0,25,25,30001.0
2020-04-10,Broadwater,Montana,30007.0,4,0,44,44,30007.0
2020-04-10,Cascade,Montana,30013.0,12,0,436,436,30013.0
2020-04-10,Deer Lodge,Montana,30023.0,3,0,261,261,30023.0
2020-04-10,Flathead,Montana,30029.0,34,0,231,231,30029.0
2020-04-10,Gallatin,Montana,30031.0,134,0,90,90,30031.0
2020-04-10,Glacier,Montana,30035.0,3,0,13,13,30035.0
2020-04-10,Lewis and Clark,Montana,30049.0,16,0,143,143,30049.0
2020-04-10,Meagher,Montana,30059.0,1,0,25,25,30059.0
2020-04-10,Missoula,Montana,30063.0,26,1,404,404,30063.0
2020-04-10,Musselshell,Montana,30065.0,1,0,25,25,30065.0
2020-04-10,Ravalli,Montana,30081.0,3,0,37,37,30081.0
2020-04-10,Richland,Montana,30083.0,2,0,3305,3305,30083.0
2020-04-10,Roosevelt,Montana,30085.0,2,0,75,75,30085.0
2020-04-10,Silver Bow,Montana,30093.0,11,0,206,206,30093.0
2020-04-10,Stillwater,Montana,30095.0,1,0,23,23,30095.0
2020-04-10,Toole,Montana,30101.0,18,3,25,25,30101.0
2020-04-10,Yellowstone,Montana,30111.0,55,0,630,630,30111.0
2020-04-10,Antelope,Nebraska,31003.0,1,0,37,37,31003.0
2020-04-10,Buffalo,Nebraska,31019.0,31,1,322,322,31019.0
2020-04-10,Burt,Nebraska,31021.0,1,0,18,18,31021.0
2020-04-10,Cherry,Nebraska,31031.0,1,0,25,25,31031.0
2020-04-10,Cuming,Nebraska,31039.0,2,0,25,25,31039.0
2020-04-10,Dawson,Nebraska,31047.0,3,0,176,176,31047.0
2020-04-10,Dodge,Nebraska,31053.0,7,0,420,420,31053.0
2020-04-10,Gage,Nebraska,31067.0,25,1,50,50,31067.0
2020-04-10,Kearney,Nebraska,31099.0,3,0,10,10,31099.0
2020-04-10,Kimball,Nebraska,31105.0,9,0,12,12,31105.0
2020-04-10,Knox,Nebraska,31107.0,2,0,2835,2835,31107.0
2020-04-10,Lancaster,Nebraska,31109.0,49,1,2874,2874,31109.0
2020-04-10,Lincoln,Nebraska,31111.0,17,1,1230,1230,31111.0
2020-04-10,Merrick,Nebraska,31121.0,2,0,20,20,31121.0
2020-04-10,Otoe,Nebraska,31131.0,1,0,54,54,31131.0
2020-04-10,Platte,Nebraska,31141.0,6,0,173,173,31141.0
2020-04-10,Sarpy,Nebraska,31153.0,39,0,208,208,31153.0
2020-04-10,Saunders,Nebraska,31155.0,5,0,16,16,31155.0
2020-04-10,Scotts Bluff,Nebraska,31157.0,10,0,166,166,31157.0
2020-04-10,Carson City,Nevada,32510.0,16,0,229,229,32510.0
2020-04-10,Elko,Nevada,32007.0,11,1,50,50,32007.0
2020-04-10,Lyon,Nevada,32019.0,7,0,221,221,32019.0
2020-04-10,Nye,Nevada,32023.0,10,0,69,69,32023.0
2020-04-10,Washoe,Nevada,32031.0,389,10,1690,1690,32031.0
2020-04-10,White Pine,Nevada,32033.0,1,0,12,12,32033.0
2020-04-10,Belknap,New Hampshire,33001.0,21,0,137,137,33001.0
2020-04-10,Cheshire,New Hampshire,33005.0,17,2,169,169,33005.0
2020-04-10,Grafton,New Hampshire,33009.0,43,0,496,496,33009.0
2020-04-10,Merrimack,New Hampshire,33013.0,66,2,395,395,33013.0
2020-04-10,Rockingham,New Hampshire,33015.0,305,2,1196,1196,33015.0
2020-04-10,Strafford,New Hampshire,33017.0,53,0,290,290,33017.0
2020-04-10,Atlantic,New Jersey,34001.0,211,6,1573,1573,34001.0
2020-04-10,Bergen,New Jersey,34003.0,8928,390,3019,3019,34003.0
2020-04-10,Burlington,New Jersey,34005.0,954,22,1043,1112,34005.0
2020-04-10,Cape May,New Jersey,34009.0,116,5,242,242,34009.0
2020-04-10,Essex,New Jersey,34013.0,6580,352,5997,5997,34013.0
2020-04-10,Gloucester,New Jersey,34015.0,447,8,676,676,34015.0
2020-04-10,Hudson,New Jersey,34017.0,6411,163,1878,1878,34017.0
2020-04-10,Hunterdon,New Jersey,34019.0,293,7,184,184,34019.0
2020-04-10,Mercer,New Jersey,34021.0,1282,39,3146,3146,34021.0
2020-04-10,Monmouth,New Jersey,34025.0,3496,107,2176,2176,34025.0
2020-04-10,Morris,New Jersey,34027.0,2771,135,2030,2030,34027.0
2020-04-10,Ocean,New Jersey,34029.0,3269,121,1522,1522,34029.0
2020-04-10,Passaic,New Jersey,34031.0,5017,101,1187,1456,34031.0
2020-04-10,Salem,New Jersey,34033.0,46,3,1016,1016,34033.0
2020-04-10,Somerset,New Jersey,34035.0,1523,69,1122,1122,34035.0
2020-04-10,Sussex,New Jersey,34037.0,413,26,622,622,34037.0
2020-04-10,Bernalillo,New Mexico,35001.0,407,13,2020,2020,35001.0
2020-04-10,Chaves,New Mexico,35005.0,18,0,229,229,35005.0
2020-04-10,Cibola,New Mexico,35006.0,24,0,50,50,35006.0
2020-04-10,Colfax,New Mexico,35007.0,1,0,50,50,35007.0
2020-04-10,Curry,New Mexico,35009.0,9,0,130,130,35009.0
2020-04-10,Do√±a Ana,New Mexico,35013.0,44,0,603,603,35013.0
2020-04-10,Eddy,New Mexico,35015.0,6,1,161,161,35015.0
2020-04-10,Lea,New Mexico,35025.0,2,0,211,211,35025.0
2020-04-10,Los Alamos,New Mexico,35028.0,4,0,47,47,35028.0
2020-04-10,Luna,New Mexico,35029.0,2,0,25,25,35029.0
2020-04-10,McKinley,New Mexico,35031.0,113,2,228,228,35031.0
2020-04-10,Rio Arriba,New Mexico,35039.0,7,0,80,80,35039.0
2020-04-10,San Miguel,New Mexico,35047.0,1,0,175,175,35047.0
2020-04-10,Sandoval,New Mexico,35043.0,177,3,271,271,35043.0
2020-04-10,Santa Fe,New Mexico,35049.0,72,0,258,258,35049.0
2020-04-10,Socorro,New Mexico,35053.0,10,0,24,24,35053.0
2020-04-10,Taos,New Mexico,35055.0,15,0,29,29,35055.0
2020-04-10,Albany,New York,36001.0,426,14,1480,1480,36001.0
2020-04-10,Broome,New York,36007.0,112,6,742,742,36007.0
2020-04-10,Cattaraugus,New York,36009.0,18,0,248,248,36009.0
2020-04-10,Cayuga,New York,36011.0,27,1,99,99,36011.0
2020-04-10,Chautauqua,New York,36013.0,20,1,424,424,36013.0
2020-04-10,Chemung,New York,36015.0,59,2,391,391,36015.0
2020-04-10,Chenango,New York,36017.0,60,0,58,58,36017.0
2020-04-10,Cortland,New York,36023.0,17,0,162,162,36023.0
2020-04-10,Dutchess,New York,36027.0,1598,25,676,676,36027.0
2020-04-10,Herkimer,New York,36043.0,36,1,25,25,36043.0
2020-04-10,Nassau,New York,36059.0,21512,890,4397,4397,36059.0
2020-04-10,Niagara,New York,36063.0,156,1,623,623,36063.0
2020-04-10,Onondaga,New York,36067.0,369,11,1777,1672,36067.0
2020-04-10,Ontario,New York,36069.0,51,0,399,399,36069.0
2020-04-10,Oswego,New York,36075.0,36,0,158,158,36075.0
2020-04-10,Rensselaer,New York,36083.0,91,4,423,423,36083.0
2020-04-10,Rockland,New York,36087.0,7122,135,1169,1169,36087.0
2020-04-10,Saratoga,New York,36091.0,182,1,259,259,36091.0
2020-04-10,Schenectady,New York,36093.0,191,9,538,538,36093.0
2020-04-10,Schoharie,New York,36095.0,12,0,40,40,36095.0
2020-04-10,St. Lawrence,New York,36089.0,78,1,319,319,36089.0
2020-04-10,Steuben,New York,36101.0,117,3,239,239,36101.0
2020-04-10,Tompkins,New York,36109.0,105,0,212,212,36109.0
2020-04-10,Ulster,New York,36111.0,530,2,325,325,36111.0
2020-04-10,Westchester,New York,36119.0,18077,428,3535,3235,36119.0
2020-04-10,Wyoming,New York,36121.0,30,0,110,110,36121.0
2020-04-10,Yates,New York,36123.0,2,0,25,25,36123.0
2020-04-10,Alamance,North Carolina,37001.0,33,0,238,238,37001.0
2020-04-10,Alexander,North Carolina,37003.0,2,0,25,25,37003.0
2020-04-10,Anson,North Carolina,37007.0,9,0,162,162,37007.0
2020-04-10,Ashe,North Carolina,37009.0,3,0,76,76,37009.0
2020-04-10,Bertie,North Carolina,37015.0,12,1,6,6,37015.0
2020-04-10,Bladen,North Carolina,37017.0,1,0,58,58,37017.0
2020-04-10,Brunswick,North Carolina,37019.0,30,2,234,160,37019.0
2020-04-10,Buncombe,North Carolina,37021.0,36,2,877,877,37021.0
2020-04-10,Burke,North Carolina,37023.0,44,2,486,486,37023.0
2020-04-10,Cabarrus,North Carolina,37025.0,94,2,497,497,37025.0
2020-04-10,Caldwell,North Carolina,37027.0,14,0,259,259,37027.0
2020-04-10,Carteret,North Carolina,37031.0,20,1,135,135,37031.0
2020-04-10,Catawba,North Carolina,37035.0,29,1,613,613,37035.0
2020-04-10,Cherokee,North Carolina,37039.0,10,1,1121,1121,37039.0
2020-04-10,Chowan,North Carolina,37041.0,2,0,89,89,37041.0
2020-04-10,Cleveland,North Carolina,37045.0,32,0,1288,1288,37045.0
2020-04-10,Columbus,North Carolina,37047.0,20,1,154,154,37047.0
2020-04-10,Craven,North Carolina,37049.0,22,1,350,350,37049.0
2020-04-10,Cumberland,North Carolina,37051.0,75,1,3318,3318,37051.0
2020-04-10,Dare,North Carolina,37055.0,8,1,21,21,37055.0
2020-04-10,Davie,North Carolina,37059.0,21,2,131,131,37059.0
2020-04-10,Duplin,North Carolina,37061.0,12,0,101,101,37061.0
2020-04-10,Durham,North Carolina,37063.0,259,1,1360,1360,37063.0
2020-04-10,Edgecombe,North Carolina,37065.0,18,1,117,117,37065.0
2020-04-10,Forsyth,North Carolina,37067.0,111,3,2042,2042,37067.0
2020-04-10,Gaston,North Carolina,37071.0,73,3,475,475,37071.0
2020-04-10,Granville,North Carolina,37077.0,87,0,142,142,37077.0
2020-04-10,Guilford,North Carolina,37081.0,127,9,1833,1833,37081.0
2020-04-10,Halifax,North Carolina,37083.0,17,0,498,498,37083.0
2020-04-10,Harnett,North Carolina,37085.0,35,2,167,167,37085.0
2020-04-10,Haywood,North Carolina,37087.0,3,0,226,226,37087.0
2020-04-10,Henderson,North Carolina,37089.0,55,2,679,679,37089.0
2020-04-10,Hertford,North Carolina,37091.0,4,1,114,114,37091.0
2020-04-10,Hoke,North Carolina,37093.0,16,0,49,49,37093.0
2020-04-10,Iredell,North Carolina,37097.0,63,1,501,501,37097.0
2020-04-10,Johnston,North Carolina,37101.0,80,4,224,224,37101.0
2020-04-10,Lenoir,North Carolina,37107.0,13,0,261,261,37107.0
2020-04-10,McDowell,North Carolina,37111.0,16,0,189,189,37111.0
2020-04-10,Mecklenburg,North Carolina,37119.0,906,10,3048,3048,37119.0
2020-04-10,Nash,North Carolina,37127.0,29,1,403,403,37127.0
2020-04-10,New Hanover,North Carolina,37129.0,50,0,769,769,37129.0
2020-04-10,Onslow,North Carolina,37133.0,26,1,162,162,37133.0
2020-04-10,Pasquotank,North Carolina,37139.0,11,0,182,182,37139.0
2020-04-10,Pender,North Carolina,37141.0,4,0,86,86,37141.0
2020-04-10,Person,North Carolina,37145.0,8,0,110,110,37145.0
2020-04-10,Pitt,North Carolina,37147.0,60,1,909,909,37147.0
2020-04-10,Robeson,North Carolina,37155.0,7,0,452,452,37155.0
2020-04-10,Rowan,North Carolina,37159.0,75,2,417,417,37159.0
2020-04-10,Rutherford,North Carolina,37161.0,31,1,631,631,37161.0
2020-04-10,Sampson,North Carolina,37163.0,10,0,146,146,37163.0
2020-04-10,Stanly,North Carolina,37167.0,11,1,109,109,37167.0
2020-04-10,Stokes,North Carolina,37169.0,8,0,93,93,37169.0
2020-04-10,Surry,North Carolina,37171.0,10,0,226,226,37171.0
2020-04-10,Transylvania,North Carolina,37175.0,6,0,94,94,37175.0
2020-04-10,Vance,North Carolina,37181.0,19,0,102,102,37181.0
2020-04-10,Wake,North Carolina,37183.0,391,0,1781,1781,37183.0
2020-04-10,Washington,North Carolina,37187.0,13,1,6204,6204,37187.0
2020-04-10,Watauga,North Carolina,37189.0,7,0,217,217,37189.0
2020-04-10,Wilkes,North Carolina,37193.0,4,1,155,155,37193.0
2020-04-10,Yadkin,North Carolina,37197.0,10,0,22,22,37197.0
2020-04-10,Barnes,North Dakota,38003.0,2,0,25,25,38003.0
2020-04-10,Bowman,North Dakota,38011.0,1,0,23,23,38011.0
2020-04-10,Burleigh,North Dakota,38015.0,48,0,510,510,38015.0
2020-04-10,Divide,North Dakota,38023.0,1,0,15,15,38023.0
2020-04-10,Emmons,North Dakota,38029.0,1,1,14,14,38029.0
2020-04-10,Foster,North Dakota,38031.0,1,0,25,25,38031.0
2020-04-10,Grand Forks,North Dakota,38035.0,11,0,641,641,38035.0
2020-04-10,McKenzie,North Dakota,38053.0,6,0,24,24,38053.0
2020-04-10,McLean,North Dakota,38055.0,2,0,247,247,38055.0
2020-04-10,Mountrail,North Dakota,38061.0,20,0,11,11,38061.0
2020-04-10,Sioux,North Dakota,38085.0,1,0,290,290,38085.0
2020-04-10,Stutsman,North Dakota,38093.0,1,0,165,165,38093.0
2020-04-10,Walsh,North Dakota,38099.0,3,0,28,28,38099.0
2020-04-10,Ward,North Dakota,38101.0,19,0,552,552,38101.0
2020-04-10,Williams,North Dakota,38105.0,6,0,173,173,38105.0
2020-04-10,Ashtabula,Ohio,39007.0,19,0,429,429,39007.0
2020-04-10,Athens,Ohio,39009.0,3,1,245,245,39009.0
2020-04-10,Auglaize,Ohio,39011.0,9,1,140,140,39011.0
2020-04-10,Belmont,Ohio,39013.0,42,1,300,300,39013.0
2020-04-10,Clark,Ohio,39023.0,14,0,7010,7010,39023.0
2020-04-10,Clermont,Ohio,39025.0,36,1,148,148,39025.0
2020-04-10,Columbiana,Ohio,39029.0,92,6,351,351,39029.0
2020-04-10,Coshocton,Ohio,39031.0,15,0,56,56,39031.0
2020-04-10,Crawford,Ohio,39033.0,13,0,882,882,39033.0
2020-04-10,Cuyahoga,Ohio,39035.0,1052,22,8368,8368,39035.0
2020-04-10,Darke,Ohio,39037.0,40,7,104,104,39037.0
2020-04-10,Defiance,Ohio,39039.0,11,0,104,104,39039.0
2020-04-10,Delaware,Ohio,39041.0,88,2,1935,1935,39041.0
2020-04-10,Gallia,Ohio,39053.0,4,1,287,287,39053.0
2020-04-10,Geauga,Ohio,39055.0,49,1,281,281,39055.0
2020-04-10,Guernsey,Ohio,39059.0,5,0,255,255,39059.0
2020-04-10,Hamilton,Ohio,39061.0,504,14,7928,7928,39061.0
2020-04-10,Highland,Ohio,39071.0,6,0,70,70,39071.0
2020-04-10,Licking,Ohio,39089.0,79,3,262,262,39089.0
2020-04-10,Lorain,Ohio,39093.0,150,5,966,840,39093.0
2020-04-10,Lucas,Ohio,39095.0,443,20,3382,3382,39095.0
2020-04-10,Mahoning,Ohio,39099.0,358,31,1524,1495,39099.0
2020-04-10,Medina,Ohio,39103.0,103,5,266,266,39103.0
2020-04-10,Miami,Ohio,39109.0,113,14,412,412,39109.0
2020-04-10,Morrow,Ohio,39117.0,8,0,43,43,39117.0
2020-04-10,Muskingum,Ohio,39119.0,8,0,592,592,39119.0
2020-04-10,Pickaway,Ohio,39129.0,44,0,82,82,39129.0
2020-04-10,Ross,Ohio,39141.0,12,0,261,261,39141.0
2020-04-10,Sandusky,Ohio,39143.0,7,1,159,159,39143.0
2020-04-10,Scioto,Ohio,39145.0,3,0,446,446,39145.0
2020-04-10,Seneca,Ohio,39147.0,8,1,321,321,39147.0
2020-04-10,Stark,Ohio,39151.0,125,11,1790,1790,39151.0
2020-04-10,Summit,Ohio,39153.0,235,13,2879,2879,39153.0
2020-04-10,Trumbull,Ohio,39155.0,149,8,693,693,39155.0
2020-04-10,Tuscarawas,Ohio,39157.0,26,0,198,198,39157.0
2020-04-10,Van Wert,Ohio,39161.0,2,0,195,195,39161.0
2020-04-10,Wyandot,Ohio,39175.0,9,1,31,31,39175.0
2020-04-10,Adair,Oklahoma,40001.0,26,2,262,262,40001.0
2020-04-10,Atoka,Oklahoma,40005.0,1,0,25,25,40005.0
2020-04-10,Beckham,Oklahoma,40009.0,1,0,93,93,40009.0
2020-04-10,Bryan,Oklahoma,40013.0,3,0,148,148,40013.0
2020-04-10,Canadian,Oklahoma,40017.0,52,1,123,123,40017.0
2020-04-10,Craig,Oklahoma,40035.0,6,0,51,51,40035.0
2020-04-10,Creek,Oklahoma,40037.0,53,3,95,95,40037.0
2020-04-10,Custer,Oklahoma,40039.0,5,0,217,217,40039.0
2020-04-10,Dewey,Oklahoma,40043.0,1,0,29,29,40043.0
2020-04-10,Garvin,Oklahoma,40049.0,11,0,90,90,40049.0
2020-04-10,Greer,Oklahoma,40055.0,46,4,25,25,40055.0
2020-04-10,Kay,Oklahoma,40071.0,41,3,193,193,40071.0
2020-04-10,Kingfisher,Oklahoma,40073.0,5,0,25,25,40073.0
2020-04-10,Latimer,Oklahoma,40077.0,4,1,33,33,40077.0
2020-04-10,Le Flore,Oklahoma,40079.0,3,0,43,43,40079.0
2020-04-10,Love,Oklahoma,40085.0,2,0,25,25,40085.0
2020-04-10,Major,Oklahoma,40093.0,1,0,25,25,40093.0
2020-04-10,Mayes,Oklahoma,40097.0,13,2,52,52,40097.0
2020-04-10,McClain,Oklahoma,40087.0,18,0,39,39,40087.0
2020-04-10,McCurtain,Oklahoma,40089.0,2,0,91,91,40089.0
2020-04-10,Muskogee,Oklahoma,40101.0,21,2,429,429,40101.0
2020-04-10,Nowata,Oklahoma,40105.0,10,0,25,25,40105.0
2020-04-10,Okfuskee,Oklahoma,40107.0,1,0,25,25,40107.0
2020-04-10,Oklahoma,Oklahoma,40109.0,413,17,4624,4624,40109.0
2020-04-10,Okmulgee,Oklahoma,40111.0,13,0,137,137,40111.0
2020-04-10,Osage,Oklahoma,40113.0,45,7,40,40,40113.0
2020-04-10,Pawnee,Oklahoma,40117.0,26,2,663,663,40117.0
2020-04-10,Payne,Oklahoma,40119.0,28,0,216,216,40119.0
2020-04-10,Pittsburg,Oklahoma,40121.0,8,0,185,185,40121.0
2020-04-10,Pontotoc,Oklahoma,40123.0,9,0,241,241,40123.0
2020-04-10,Rogers,Oklahoma,40131.0,23,0,81,81,40131.0
2020-04-10,Sequoyah,Oklahoma,40135.0,10,2,41,26,40135.0
2020-04-10,Tillman,Oklahoma,40141.0,1,0,37,37,40141.0
2020-04-10,Tulsa,Oklahoma,40143.0,314,16,3835,3832,40143.0
2020-04-10,Wagoner,Oklahoma,40145.0,65,4,100,100,40145.0
2020-04-10,Woodward,Oklahoma,40153.0,1,0,115,115,40153.0
2020-04-10,Clackamas,Oregon,41005.0,116,3,551,551,41005.0
2020-04-10,Clatsop,Oregon,41007.0,6,0,289,289,41007.0
2020-04-10,Crook,Oregon,41013.0,1,0,41,41,41013.0
2020-04-10,Deschutes,Oregon,41017.0,51,0,308,308,41017.0
2020-04-10,Hood River,Oregon,41027.0,4,0,25,25,41027.0
2020-04-10,Josephine,Oregon,41033.0,17,0,125,125,41033.0
2020-04-10,Klamath,Oregon,41035.0,24,0,98,98,41035.0
2020-04-10,Lane,Oregon,41039.0,34,1,548,548,41039.0
2020-04-10,Linn,Oregon,41043.0,49,4,1170,1170,41043.0
2020-04-10,Malheur,Oregon,41045.0,2,0,49,49,41045.0
2020-04-10,Marion,Oregon,41047.0,246,9,6304,6304,41047.0
2020-04-10,Multnomah,Oregon,41051.0,317,17,1978,1978,41051.0
2020-04-10,Tillamook,Oregon,41057.0,4,0,25,25,41057.0
2020-04-10,Umatilla,Oregon,41059.0,11,0,539,539,41059.0
2020-04-10,Wallowa,Oregon,41063.0,1,0,57,57,41063.0
2020-04-10,Wasco,Oregon,41065.0,7,0,49,49,41065.0
2020-04-10,Yamhill,Oregon,41071.0,28,5,128,128,41071.0
2020-04-10,Allegheny,Pennsylvania,42003.0,788,18,7775,7775,42003.0
2020-04-10,Armstrong,Pennsylvania,42005.0,22,0,155,155,42005.0
2020-04-10,Berks,Pennsylvania,42011.0,720,12,1247,1247,42011.0
2020-04-10,Blair,Pennsylvania,42013.0,9,0,598,598,42013.0
2020-04-10,Bradford,Pennsylvania,42015.0,16,0,390,390,42015.0
2020-04-10,Bucks,Pennsylvania,42017.0,1107,32,1299,1299,42017.0
2020-04-10,Cambria,Pennsylvania,42021.0,11,1,594,594,42021.0
2020-04-10,Centre,Pennsylvania,42027.0,61,0,438,438,42027.0
2020-04-10,Chester,Pennsylvania,42029.0,485,9,1368,1368,42029.0
2020-04-10,Clarion,Pennsylvania,42031.0,10,0,156,156,42031.0
2020-04-10,Clearfield,Pennsylvania,42033.0,8,0,310,310,42033.0
2020-04-10,Dauphin,Pennsylvania,42043.0,199,2,1189,1189,42043.0
2020-04-10,Elk,Pennsylvania,42047.0,2,0,80,80,42047.0
2020-04-10,Erie,Pennsylvania,42049.0,36,1,4435,4435,42049.0
2020-04-10,Huntingdon,Pennsylvania,42061.0,8,0,100,100,42061.0
2020-04-10,Indiana,Pennsylvania,42063.0,26,0,164,164,42063.0
2020-04-10,Lackawanna,Pennsylvania,42069.0,346,18,1104,1104,42069.0
2020-04-10,Lebanon,Pennsylvania,42075.0,218,1,484,484,42075.0
2020-04-10,Lehigh,Pennsylvania,42077.0,1562,16,1937,1937,42077.0
2020-04-10,Luzerne,Pennsylvania,42079.0,1325,15,1247,1247,42079.0
2020-04-10,Lycoming,Pennsylvania,42081.0,18,0,302,302,42081.0
2020-04-10,McKean,Pennsylvania,42083.0,1,0,138,138,42083.0
2020-04-10,Mifflin,Pennsylvania,42087.0,11,0,123,123,42087.0
2020-04-10,Montour,Pennsylvania,42093.0,29,0,656,656,42093.0
2020-04-10,Northumberland,Pennsylvania,42097.0,29,0,173,173,42097.0
2020-04-10,Philadelphia,Pennsylvania,42101.0,5521,110,0,0,42101.0
2020-04-10,Philadelphia,Pennsylvania,42101.0,5521,110,8387,8387,42101.0
2020-04-10,Schuylkill,Pennsylvania,42107.0,164,1,361,361,42107.0
2020-04-10,Susquehanna,Pennsylvania,42115.0,22,2,104,104,42115.0
2020-04-10,Tioga,Pennsylvania,42117.0,11,0,83,83,42117.0
2020-04-10,Venango,Pennsylvania,42121.0,5,0,164,164,42121.0
2020-04-10,Westmoreland,Pennsylvania,42129.0,202,5,1012,1012,42129.0
2020-04-10,York,Pennsylvania,42133.0,283,3,1732,1732,42133.0
2020-04-10,Newport,Rhode Island,44005.0,57,0,129,129,44005.0
2020-04-10,Providence,Rhode Island,44007.0,957,20,3272,3272,44007.0
2020-04-10,Abbeville,South Carolina,45001.0,7,0,25,25,45001.0
2020-04-10,Aiken,South Carolina,45003.0,48,1,245,245,45003.0
2020-04-10,Allendale,South Carolina,45005.0,4,0,25,25,45005.0
2020-04-10,Anderson,South Carolina,45007.0,100,5,1291,1253,45007.0
2020-04-10,Barnwell,South Carolina,45011.0,5,0,53,53,45011.0
2020-04-10,Beaufort,South Carolina,45013.0,186,5,593,593,45013.0
2020-04-10,Charleston,South Carolina,45019.0,328,1,2166,2166,45019.0
2020-04-10,Chesterfield,South Carolina,45025.0,22,0,525,525,45025.0
2020-04-10,Clarendon,South Carolina,45027.0,80,3,89,89,45027.0
2020-04-10,Colleton,South Carolina,45029.0,15,0,131,131,45029.0
2020-04-10,Darlington,South Carolina,45031.0,33,0,188,188,45031.0
2020-04-10,Dillon,South Carolina,45033.0,5,0,79,79,45033.0
2020-04-10,Dorchester,South Carolina,45035.0,65,0,505,513,45035.0
2020-04-10,Edgefield,South Carolina,45037.0,10,0,25,25,45037.0
2020-04-10,Florence,South Carolina,45041.0,64,6,1027,1025,45041.0
2020-04-10,Georgetown,South Carolina,45043.0,28,1,298,298,45043.0
2020-04-10,Greenville,South Carolina,45045.0,308,6,1760,1760,45045.0
2020-04-10,Greenwood,South Carolina,45047.0,16,0,425,425,45047.0
2020-04-10,Horry,South Carolina,45051.0,124,7,753,753,45051.0
2020-04-10,Kershaw,South Carolina,45055.0,177,3,121,121,45055.0
2020-04-10,Lexington,South Carolina,45063.0,184,6,581,581,45063.0
2020-04-10,Marlboro,South Carolina,45069.0,11,0,94,94,45069.0
2020-04-10,Newberry,South Carolina,45071.0,13,1,90,90,45071.0
2020-04-10,Oconee,South Carolina,45073.0,12,0,169,169,45073.0
2020-04-10,Orangeburg,South Carolina,45075.0,37,0,301,301,45075.0
2020-04-10,Spartanburg,South Carolina,45083.0,150,4,943,943,45083.0
2020-04-10,Williamsburg,South Carolina,45089.0,15,0,65,65,45089.0
2020-04-10,Beadle,South Dakota,46005.0,22,2,25,25,46005.0
2020-04-10,Bon Homme,South Dakota,46009.0,3,0,50,50,46009.0
2020-04-10,Brookings,South Dakota,46011.0,7,0,49,49,46011.0
2020-04-10,Charles Mix,South Dakota,46023.0,3,0,37,37,46023.0
2020-04-10,Codington,South Dakota,46029.0,12,0,81,81,46029.0
2020-04-10,Corson,South Dakota,46031.0,1,0,12,12,46031.0
2020-04-10,Davison,South Dakota,46035.0,3,1,67,67,46035.0
2020-04-10,Deuel,South Dakota,46039.0,1,0,10,10,46039.0
2020-04-10,Fall River,South Dakota,46047.0,1,0,50,50,46047.0
2020-04-10,Faulk,South Dakota,46049.0,1,0,12,12,46049.0
2020-04-10,Hughes,South Dakota,46065.0,4,0,75,75,46065.0
2020-04-10,Hutchinson,South Dakota,46067.0,2,0,100,100,46067.0
2020-04-10,Jerauld,South Dakota,46073.0,1,0,16,16,46073.0
2020-04-10,Minnehaha,South Dakota,46099.0,352,2,1174,1174,46099.0
2020-04-10,Pennington,South Dakota,46103.0,8,0,544,544,46103.0
2020-04-10,Roberts,South Dakota,46109.0,4,0,25,25,46109.0
2020-04-10,Spink,South Dakota,46115.0,3,0,25,25,46115.0
2020-04-10,Todd,South Dakota,46121.0,1,0,106,106,46121.0
2020-04-10,Turner,South Dakota,46125.0,5,0,12,12,46125.0
2020-04-10,Yankton,South Dakota,46135.0,19,0,242,242,46135.0
2020-04-10,Bedford,Tennessee,47003.0,15,1,286,286,47003.0
2020-04-10,Bledsoe,Tennessee,47007.0,3,0,25,25,47007.0
2020-04-10,Bradley,Tennessee,47011.0,31,0,383,383,47011.0
2020-04-10,Cannon,Tennessee,47015.0,7,0,60,60,47015.0
2020-04-10,Cheatham,Tennessee,47021.0,17,0,12,12,47021.0
2020-04-10,Cocke,Tennessee,47029.0,3,0,74,74,47029.0
2020-04-10,Davidson,Tennessee,47037.0,1224,13,4732,4732,47037.0
2020-04-10,Dickson,Tennessee,47043.0,29,0,157,157,47043.0
2020-04-10,Dyer,Tennessee,47045.0,15,0,225,225,47045.0
2020-04-10,Fentress,Tennessee,47049.0,2,0,85,85,47049.0
2020-04-10,Gibson,Tennessee,47053.0,18,0,157,157,47053.0
2020-04-10,Hamblen,Tennessee,47063.0,4,1,278,278,47063.0
2020-04-10,Hawkins,Tennessee,47073.0,22,1,50,50,47073.0
2020-04-10,Hickman,Tennessee,47081.0,2,0,25,25,47081.0
2020-04-10,Humphreys,Tennessee,47085.0,4,0,59,59,47085.0
2020-04-10,Loudon,Tennessee,47105.0,16,0,50,50,47105.0
2020-04-10,Maury,Tennessee,47119.0,32,1,255,255,47119.0
2020-04-10,McMinn,Tennessee,47107.0,4,0,262,262,47107.0
2020-04-10,McNairy,Tennessee,47109.0,9,0,45,45,47109.0
2020-04-10,Obion,Tennessee,47131.0,5,1,137,137,47131.0
2020-04-10,Overton,Tennessee,47133.0,5,0,82,82,47133.0
2020-04-10,Roane,Tennessee,47145.0,5,0,150,150,47145.0
2020-04-10,Robertson,Tennessee,47147.0,73,0,109,109,47147.0
2020-04-10,Sumner,Tennessee,47165.0,413,21,517,517,47165.0
2020-04-10,Trousdale,Tennessee,47169.0,14,1,25,25,47169.0
2020-04-10,Unicoi,Tennessee,47171.0,1,0,83,83,47171.0
2020-04-10,Weakley,Tennessee,47183.0,5,0,140,140,47183.0
2020-04-10,Andrews,Texas,48003.0,11,0,34,34,48003.0
2020-04-10,Angelina,Texas,48005.0,16,0,470,470,48005.0
2020-04-10,Atascosa,Texas,48013.0,8,0,67,67,48013.0
2020-04-10,Austin,Texas,48015.0,8,0,32,32,48015.0
2020-04-10,Bastrop,Texas,48021.0,26,1,8,8,48021.0
2020-04-10,Bee,Texas,48025.0,1,0,69,69,48025.0
2020-04-10,Bell,Texas,48027.0,84,3,1307,1307,48027.0
2020-04-10,Bexar,Texas,48029.0,676,24,8104,8104,48029.0
2020-04-10,Bowie,Texas,48037.0,35,5,841,841,48037.0
2020-04-10,Brazoria,Texas,48039.0,199,2,357,357,48039.0
2020-04-10,Brazos,Texas,48041.0,116,9,658,658,48041.0
2020-04-10,Brown,Texas,48049.0,8,0,2740,2740,48049.0
2020-04-10,Burleson,Texas,48051.0,6,0,25,25,48051.0
2020-04-10,Burnet,Texas,48053.0,6,0,71,71,48053.0
2020-04-10,Cameron,Texas,48061.0,147,3,1568,1568,48061.0
2020-04-10,Camp,Texas,48063.0,3,0,25,25,48063.0
2020-04-10,Castro,Texas,48069.0,10,1,17,17,48069.0
2020-04-10,Chambers,Texas,48071.0,24,0,154,154,48071.0
2020-04-10,Collin,Texas,48085.0,406,6,2624,2623,48085.0
2020-04-10,Colorado,Texas,48089.0,6,0,103,103,48089.0
2020-04-10,Comal,Texas,48091.0,37,4,348,348,48091.0
2020-04-10,Concho,Texas,48095.0,1,0,16,16,48095.0
2020-04-10,Cooke,Texas,48097.0,1,0,78,78,48097.0
2020-04-10,Coryell,Texas,48099.0,18,0,25,25,48099.0
2020-04-10,Crane,Texas,48103.0,2,0,25,25,48103.0
2020-04-10,Crosby,Texas,48107.0,1,0,25,25,48107.0
2020-04-10,Dallas,Texas,48113.0,1537,25,9644,9642,48113.0
2020-04-10,DeWitt,Texas,48123.0,8,0,49,49,48123.0
2020-04-10,Deaf Smith,Texas,48117.0,7,0,82,82,48117.0
2020-04-10,Denton,Texas,48121.0,426,9,1516,1516,48121.0
2020-04-10,Eastland,Texas,48133.0,3,0,52,52,48133.0
2020-04-10,Ector,Texas,48135.0,39,1,669,669,48135.0
2020-04-10,Ellis,Texas,48139.0,63,2,484,484,48139.0
2020-04-10,Erath,Texas,48143.0,10,1,98,98,48143.0
2020-04-10,Falls,Texas,48145.0,1,0,36,36,48145.0
2020-04-10,Fannin,Texas,48147.0,5,0,75,75,48147.0
2020-04-10,Fort Bend,Texas,48157.0,485,10,1105,1105,48157.0
2020-04-10,Frio,Texas,48163.0,1,0,40,40,48163.0
2020-04-10,Gaines,Texas,48165.0,1,0,25,25,48165.0
2020-04-10,Galveston,Texas,48167.0,341,8,711,711,48167.0
2020-04-10,Gillespie,Texas,48171.0,2,0,86,86,48171.0
2020-04-10,Gonzales,Texas,48177.0,2,0,34,34,48177.0
2020-04-10,Gray,Texas,48179.0,12,0,115,115,48179.0
2020-04-10,Grayson,Texas,48181.0,17,0,677,677,48181.0
2020-04-10,Gregg,Texas,48183.0,39,0,846,846,48183.0
2020-04-10,Grimes,Texas,48185.0,6,0,25,25,48185.0
2020-04-10,Guadalupe,Texas,48187.0,47,0,135,135,48187.0
2020-04-10,Hale,Texas,48189.0,9,1,127,127,48189.0
2020-04-10,Hansford,Texas,48195.0,1,0,25,25,48195.0
2020-04-10,Harris,Texas,48201.0,3261,40,17209,17209,48201.0
2020-04-10,Hays,Texas,48209.0,79,0,354,354,48209.0
2020-04-10,Hemphill,Texas,48211.0,1,0,26,26,48211.0
2020-04-10,Hidalgo,Texas,48215.0,146,1,2446,2386,48215.0
2020-04-10,Hill,Texas,48217.0,8,0,214,214,48217.0
2020-04-10,Hockley,Texas,48219.0,12,1,48,48,48219.0
2020-04-10,Hood,Texas,48221.0,16,1,83,83,48221.0
2020-04-10,Hopkins,Texas,48223.0,4,0,486,486,48223.0
2020-04-10,Hunt,Texas,48231.0,15,0,271,271,48231.0
2020-04-10,Jack,Texas,48237.0,1,0,58,58,48237.0
2020-04-10,Jim Wells,Texas,48249.0,2,0,159,159,48249.0
2020-04-10,Karnes,Texas,48255.0,2,0,25,25,48255.0
2020-04-10,Kaufman,Texas,48257.0,24,0,407,407,48257.0
2020-04-10,Kerr,Texas,48265.0,2,0,326,326,48265.0
2020-04-10,Kleberg,Texas,48273.0,2,0,100,100,48273.0
2020-04-10,Lamb,Texas,48279.0,1,0,75,75,48279.0
2020-04-10,Lampasas,Texas,48281.0,3,0,25,25,48281.0
2020-04-10,Lavaca,Texas,48285.0,4,0,50,50,48285.0
2020-04-10,Liberty,Texas,48291.0,16,0,186,186,48291.0
2020-04-10,Llano,Texas,48299.0,3,0,30,30,48299.0
2020-04-10,Lubbock,Texas,48303.0,234,9,1563,1563,48303.0
2020-04-10,Lynn,Texas,48305.0,5,0,24,24,48305.0
2020-04-10,Matagorda,Texas,48321.0,49,3,75,75,48321.0
2020-04-10,Maverick,Texas,48323.0,9,0,101,101,48323.0
2020-04-10,McCulloch,Texas,48307.0,2,0,25,25,48307.0
2020-04-10,McLennan,Texas,48309.0,68,2,861,861,48309.0
2020-04-10,Midland,Texas,48329.0,31,1,977,977,48329.0
2020-04-10,Milam,Texas,48331.0,7,0,35,35,48331.0
2020-04-10,Montague,Texas,48337.0,1,0,87,87,48337.0
2020-04-10,Moore,Texas,48341.0,21,0,397,397,48341.0
2020-04-10,Nacogdoches,Texas,48347.0,29,2,390,390,48347.0
2020-04-10,Navarro,Texas,48349.0,11,2,162,162,48349.0
2020-04-10,Nueces,Texas,48355.0,72,0,2224,2224,48355.0
2020-04-10,Palo Pinto,Texas,48363.0,4,0,74,74,48363.0
2020-04-10,Panola,Texas,48365.0,10,1,161,161,48365.0
2020-04-10,Parker,Texas,48367.0,11,0,125,125,48367.0
2020-04-10,Pecos,Texas,48371.0,1,0,41,41,48371.0
2020-04-10,Potter,Texas,48375.0,66,2,1241,1241,48375.0
2020-04-10,Randall,Texas,48381.0,60,2,4,4,48381.0
2020-04-10,Rockwall,Texas,48397.0,16,0,170,170,48397.0
2020-04-10,San Augustine,Texas,48405.0,9,1,18,18,48405.0
2020-04-10,San Patricio,Texas,48409.0,7,0,75,75,48409.0
2020-04-10,Scurry,Texas,48415.0,1,0,25,25,48415.0
2020-04-10,Starr,Texas,48427.0,7,0,48,48,48427.0
2020-04-10,Swisher,Texas,48437.0,3,0,20,20,48437.0
2020-04-10,Tarrant,Texas,48439.0,705,21,6814,6814,48439.0
2020-04-10,Taylor,Texas,48441.0,51,1,1344,1392,48441.0
2020-04-10,Terry,Texas,48445.0,6,0,45,45,48445.0
2020-04-10,Titus,Texas,48449.0,6,0,164,164,48449.0
2020-04-10,Tom Green,Texas,48451.0,32,1,614,614,48451.0
2020-04-10,Travis,Texas,48453.0,642,7,3904,3904,48453.0
2020-04-10,Tyler,Texas,48457.0,4,0,61,61,48457.0
2020-04-10,Uvalde,Texas,48463.0,7,0,25,25,48463.0
2020-04-10,Val Verde,Texas,48465.0,12,0,93,93,48465.0
2020-04-10,Van Zandt,Texas,48467.0,10,1,52,52,48467.0
2020-04-10,Victoria,Texas,48469.0,73,0,723,723,48469.0
2020-04-10,Webb,Texas,48479.0,166,6,578,578,48479.0
2020-04-10,Wharton,Texas,48481.0,20,0,210,210,48481.0
2020-04-10,Wichita,Texas,48485.0,54,0,596,596,48485.0
2020-04-10,Williamson,Texas,48491.0,110,4,1665,1665,48491.0
2020-04-10,Winkler,Texas,48495.0,1,0,19,19,48495.0
2020-04-10,Young,Texas,48503.0,3,0,67,67,48503.0
2020-04-10,Box Elder,Utah,49003.0,12,0,53,53,49003.0
2020-04-10,Cache,Utah,49005.0,30,0,150,150,49005.0
2020-04-10,Carbon,Utah,49007.0,2,0,239,239,49007.0
2020-04-10,Davis,Utah,49011.0,180,2,604,604,49011.0
2020-04-10,Duchesne,Utah,49013.0,3,0,124,124,49013.0
2020-04-10,Garfield,Utah,49017.0,1,0,665,665,49017.0
2020-04-10,Grand,Utah,49019.0,1,0,63,63,49019.0
2020-04-10,Juab,Utah,49023.0,2,0,25,25,49023.0
2020-04-10,Millard,Utah,49027.0,4,0,37,37,49027.0
2020-04-10,Salt Lake,Utah,49035.0,1011,7,2932,2932,49035.0
2020-04-10,Tooele,Utah,49045.0,28,0,31,31,49045.0
2020-04-10,Uintah,Utah,49047.0,5,0,39,39,49047.0
2020-04-10,Utah,Utah,49049.0,283,0,1033,1033,49049.0
2020-04-10,Wasatch,Utah,49051.0,96,0,19,19,49051.0
2020-04-10,Weber,Utah,49057.0,87,1,477,477,49057.0
2020-04-10,Addison,Vermont,50001.0,50,0,25,25,50001.0
2020-04-10,Bennington,Vermont,50003.0,31,1,99,99,50003.0
2020-04-10,Caledonia,Vermont,50005.0,8,0,25,25,50005.0
2020-04-10,Chittenden,Vermont,50007.0,336,15,562,562,50007.0
2020-04-10,Lamoille,Vermont,50015.0,19,1,25,25,50015.0
2020-04-10,Rutland,Vermont,50021.0,34,0,123,123,50021.0
2020-04-10,Windsor,Vermont,50027.0,24,2,60,60,50027.0
2020-04-10,Albemarle,Virginia,51003.0,43,0,285,285,51003.0
2020-04-10,Alexandria city,Virginia,51510.0,174,1,318,318,51510.0
2020-04-10,Alleghany,Virginia,51005.0,2,0,246,246,51005.0
2020-04-10,Arlington,Virginia,51013.0,312,2,334,334,51013.0
2020-04-10,Augusta,Virginia,51015.0,15,0,255,255,51015.0
2020-04-10,Charlottesville city,Virginia,51540.0,28,1,614,614,51540.0
2020-04-10,Chesapeake city,Virginia,51550.0,109,1,310,310,51550.0
2020-04-10,Culpeper,Virginia,51047.0,14,0,70,70,51047.0
2020-04-10,Danville city,Virginia,51590.0,20,0,250,250,51590.0
2020-04-10,Dinwiddie,Virginia,51053.0,3,0,0,0,51053.0
2020-04-10,Emporia city,Virginia,51595.0,5,0,80,80,51595.0
2020-04-10,Fairfax,Virginia,51059.0,777,16,1708,1708,51059.0
2020-04-10,Fauquier,Virginia,51061.0,23,0,97,97,51061.0
2020-04-10,Franklin city,Virginia,51620.0,6,0,90,90,51620.0
2020-04-10,Fredericksburg city,Virginia,51630.0,10,0,472,472,51630.0
2020-04-10,Galax city,Virginia,51640.0,1,0,141,141,51640.0
2020-04-10,Giles,Virginia,51071.0,2,0,145,145,51071.0
2020-04-10,Hampton city,Virginia,51650.0,62,1,844,844,51650.0
2020-04-10,Hanover,Virginia,51085.0,31,0,265,265,51085.0
2020-04-10,Harrisonburg city,Virginia,51660.0,57,0,270,270,51660.0
2020-04-10,Henrico,Virginia,51087.0,342,35,1031,1031,51087.0
2020-04-10,Hopewell city,Virginia,51670.0,14,0,147,147,51670.0
2020-04-10,Hopewell city,Virginia,51670.0,14,0,357,357,51670.0
2020-04-10,Loudoun,Virginia,51107.0,274,0,462,462,51107.0
2020-04-10,Lynchburg city,Virginia,51680.0,27,0,738,738,51680.0
2020-04-10,Manassas city,Virginia,51683.0,29,0,130,130,51683.0
2020-04-10,New Kent,Virginia,51127.0,13,0,110,110,51127.0
2020-04-10,Newport News city,Virginia,51700.0,68,1,792,792,51700.0
2020-04-10,Northampton,Virginia,51131.0,4,0,505,505,51131.0
2020-04-10,Nottoway,Virginia,51135.0,3,0,123,123,51135.0
2020-04-10,Petersburg city,Virginia,51730.0,13,0,572,572,51730.0
2020-04-10,Portsmouth city,Virginia,51740.0,48,1,346,346,51740.0
2020-04-10,Prince Edward,Virginia,51147.0,5,0,116,116,51147.0
2020-04-10,Prince William,Virginia,51153.0,337,1,243,243,51153.0
2020-04-10,Richmond city,Virginia,51760.0,139,2,1612,1612,51760.0
2020-04-10,Roanoke,Virginia,51161.0,13,0,110,110,51161.0
2020-04-10,Roanoke city,Virginia,51770.0,16,0,934,934,51770.0
2020-04-10,Russell,Virginia,51167.0,1,0,267,267,51167.0
2020-04-10,Shenandoah,Virginia,51171.0,15,0,25,25,51171.0
2020-04-10,Smyth,Virginia,51173.0,9,0,377,377,51173.0
2020-04-10,Spotsylvania,Virginia,51177.0,43,0,100,100,51177.0
2020-04-10,Stafford,Virginia,51179.0,60,0,125,125,51179.0
2020-04-10,Staunton city,Virginia,51790.0,1,0,0,0,51790.0
2020-04-10,Tazewell,Virginia,51185.0,4,0,381,381,51185.0
2020-04-10,Virginia Beach city,Virginia,51810.0,224,1,700,700,51810.0
2020-04-10,Winchester city,Virginia,51840.0,16,0,411,411,51840.0
2020-04-10,Wise,Virginia,51195.0,8,0,244,244,51195.0
2020-04-10,Wythe,Virginia,51197.0,7,0,108,108,51197.0
2020-04-10,Asotin,Washington,53003.0,4,0,25,25,53003.0
2020-04-10,Chelan,Washington,53007.0,45,3,251,251,53007.0
2020-04-10,Clallam,Washington,53009.0,11,0,163,163,53009.0
2020-04-10,Cowlitz,Washington,53015.0,23,0,202,202,53015.0
2020-04-10,Ferry,Washington,53019.0,1,0,25,25,53019.0
2020-04-10,Grays Harbor,Washington,53027.0,8,0,154,154,53027.0
2020-04-10,Island,Washington,53029.0,155,7,76,76,53029.0
2020-04-10,King,Washington,53033.0,4119,279,5461,5461,53033.0
2020-04-10,Kitsap,Washington,53035.0,128,1,381,381,53035.0
2020-04-10,Kittitas,Washington,53037.0,15,0,25,25,53037.0
2020-04-10,Klickitat,Washington,53039.0,12,1,42,42,53039.0
2020-04-10,Lewis,Washington,53041.0,18,2,376,376,53041.0
2020-04-10,Okanogan,Washington,53047.0,14,0,91,91,53047.0
2020-04-10,Pacific,Washington,53049.0,1,0,51,51,53049.0
2020-04-10,Pend Oreille,Washington,53051.0,1,0,74,74,53051.0
2020-04-10,Skagit,Washington,53057.0,178,5,205,205,53057.0
2020-04-10,Snohomish,Washington,53061.0,1801,66,786,786,53061.0
2020-04-10,Spokane,Washington,53063.0,255,14,1881,1881,53063.0
2020-04-10,Walla Walla,Washington,53071.0,21,0,316,316,53071.0
2020-04-10,Whatcom,Washington,53073.0,250,23,253,253,53073.0
2020-04-10,Whitman,Washington,53075.0,13,0,50,50,53075.0
2020-04-10,Yakima,Washington,53077.0,447,19,528,528,53077.0
2020-04-10,Berkeley,West Virginia,54003.0,83,0,241,241,54003.0
2020-04-10,Braxton,West Virginia,54007.0,1,0,25,25,54007.0
2020-04-10,Brooke,West Virginia,54009.0,2,0,251,251,54009.0
2020-04-10,Cabell,West Virginia,54011.0,17,0,1051,1051,54011.0
2020-04-10,Greenbrier,West Virginia,54025.0,3,0,122,122,54025.0
2020-04-10,Kanawha,West Virginia,54039.0,74,0,763,763,54039.0
2020-04-10,Monongalia,West Virginia,54061.0,76,2,940,940,54061.0
2020-04-10,Ohio,West Virginia,54069.0,21,0,675,675,54069.0
2020-04-10,Preston,West Virginia,54077.0,6,0,50,50,54077.0
2020-04-10,Raleigh,West Virginia,54081.0,5,0,473,473,54081.0
2020-04-10,Upshur,West Virginia,54097.0,2,0,88,88,54097.0
2020-04-10,Wetzel,West Virginia,54103.0,3,0,58,58,54103.0
2020-04-10,Ashland,Wisconsin,55003.0,1,0,158,158,55003.0
2020-04-10,Barron,Wisconsin,55005.0,6,0,90,90,55005.0
2020-04-10,Calumet,Wisconsin,55015.0,4,0,25,25,55015.0
2020-04-10,Dane,Wisconsin,55025.0,313,12,2073,2073,55025.0
2020-04-10,Door,Wisconsin,55029.0,8,0,25,25,55029.0
2020-04-10,Dunn,Wisconsin,55033.0,8,0,25,25,55033.0
2020-04-10,Eau Claire,Wisconsin,55035.0,21,0,661,661,55035.0
2020-04-10,Fond du Lac,Wisconsin,55039.0,52,2,214,214,55039.0
2020-04-10,Green,Wisconsin,55045.0,9,0,130,130,55045.0
2020-04-10,Kenosha,Wisconsin,55059.0,147,1,517,517,55059.0
2020-04-10,La Crosse,Wisconsin,55063.0,25,0,656,656,55063.0
2020-04-10,Manitowoc,Wisconsin,55071.0,3,0,236,236,55071.0
2020-04-10,Marathon,Wisconsin,55073.0,12,0,440,440,55073.0
2020-04-10,Marinette,Wisconsin,55075.0,3,0,99,99,55075.0
2020-04-10,Milwaukee,Wisconsin,55079.0,1575,77,4743,4743,55079.0
2020-04-10,Oconto,Wisconsin,55083.0,3,0,35,35,55083.0
2020-04-10,Outagamie,Wisconsin,55087.0,29,2,517,517,55087.0
2020-04-10,Ozaukee,Wisconsin,55089.0,71,12,326,326,55089.0
2020-04-10,Portage,Wisconsin,55097.0,4,0,396,396,55097.0
2020-04-10,Racine,Wisconsin,55101.0,100,3,715,715,55101.0
2020-04-10,Rock,Wisconsin,55105.0,51,2,616,616,55105.0
2020-04-10,Rusk,Wisconsin,55107.0,3,0,121,121,55107.0
2020-04-10,Sauk,Wisconsin,55111.0,25,2,197,197,55111.0
2020-04-10,Sawyer,Wisconsin,55113.0,1,0,25,25,55113.0
2020-04-10,Shawano,Wisconsin,55115.0,5,0,50,50,55115.0
2020-04-10,Sheboygan,Wisconsin,55117.0,33,2,370,370,55117.0
2020-04-10,St. Croix,Wisconsin,55109.0,7,0,25,25,55109.0
2020-04-10,St. Croix,Wisconsin,55109.0,7,0,100,100,55109.0
2020-04-10,Trempealeau,Wisconsin,55121.0,1,0,43,43,55121.0
2020-04-10,Vilas,Wisconsin,55125.0,4,0,25,25,55125.0
2020-04-10,Walworth,Wisconsin,55127.0,35,0,159,159,55127.0
2020-04-10,Waukesha,Wisconsin,55133.0,193,6,1305,1305,55133.0
2020-04-10,Waupaca,Wisconsin,55135.0,3,1,25,25,55135.0
2020-04-10,Waushara,Wisconsin,55137.0,2,0,25,25,55137.0
2020-04-10,Winnebago,Wisconsin,55139.0,25,1,1702,1702,55139.0
2020-04-10,Wood,Wisconsin,55141.0,2,0,1178,1178,55141.0
2020-04-10,Converse,Wyoming,56009.0,12,0,25,25,56009.0
2020-04-10,Fremont,Wyoming,56013.0,45,0,298,298,56013.0
2020-04-10,Goshen,Wyoming,56015.0,4,0,25,25,56015.0
2020-04-10,Hot Springs,Wyoming,56017.0,1,0,25,25,56017.0
2020-04-10,Laramie,Wyoming,56021.0,74,0,206,206,56021.0
2020-04-10,Natrona,Wyoming,56025.0,35,0,377,377,56025.0
2020-04-10,Niobrara,Wyoming,56027.0,2,0,24,24,56027.0
2020-04-10,Park,Wyoming,56029.0,1,0,75,75,56029.0
2020-04-10,Sheridan,Wyoming,56033.0,15,0,263,263,56033.0
2020-04-10,Sweetwater,Wyoming,56037.0,9,0,115,115,56037.0
2020-04-10,Teton,Wyoming,56039.0,66,0,101,101,56039.0
2020-04-10,Uinta,Wyoming,56041.0,4,0,225,225,56041.0
2020-04-10,Washakie,Wyoming,56043.0,7,0,18,18,56043.0
